category,source,date,latitude,longitude,magnitude_value,magnitude_unit,location,binary_category
0,0,2026-04-06,0.20062470665413995,-0.1559908422714166,-0.035392065694841685,1,0,0
0,0,2026-04-05,-0.2722356715689841,-0.011511842526836824,-0.11032271993845184,1,1,0
1,1,2026-04-05,-2.6448081936834025,4.360336292072187,-0.13554116063165914,2,2,0
1,1,2026-04-05,-2.6860484094009207,4.3689822220876255,-0.13481649279564742,2,2,0
1,1,2026-04-05,-2.7096142469537887,4.370711408090714,-0.1345749368503102,2,2,0
1,1,2026-04-05,-2.721397165730223,4.374169780096889,-0.1338502690142985,2,2,0
1,1,2026-04-06,-2.7567459220595243,4.382815710112327,-0.13360871306896124,2,2,0
1,1,2026-04-06,-2.7803117596123927,4.3914616401277655,-0.13312560117828678,2,2,0
1,1,2026-04-06,-2.8038775971652603,4.394920012133941,-0.13288404523294955,2,2,0
1,1,2026-04-06,-2.839226353494562,4.405295128152467,-0.13288404523294955,2,2,0
1,1,2026-04-07,-2.898140947376732,4.412211872164817,-0.13264248928761233,2,2,0
1,1,2026-04-07,-2.9629470006471186,4.420857802180255,-0.13264248928761233,2,2,0
1,1,2026-04-07,-3.0100786757528546,4.4312329181987815,-0.13288404523294955,2,2,0
1,1,2026-04-07,-3.0748847290232413,4.450253964232745,-0.13312560117828678,2,2,0
1,1,2026-04-08,-3.1396907822936275,4.457170708245097,-0.13360871306896124,2,2,0
1,1,2026-04-08,-3.2103882949522315,4.464087452257447,-0.1338502690142985,2,2,0
1,1,2026-04-04,-2.3679096024372046,4.071562229556548,-0.13578271657699637,2,3,0
1,1,2026-04-04,-2.3679096024372046,4.068103857550373,-0.13554116063165914,2,3,0
1,1,2026-04-04,-2.3620181430489873,4.0646454855441965,-0.13505804874098468,2,3,0
1,1,2026-04-04,-2.3561266836607704,4.059457927534934,-0.1345749368503102,2,3,0
1,1,2026-04-05,-2.3502352242725535,4.055999555528759,-0.13433338090497296,2,3,0
1,1,2026-04-05,-2.373801061825421,4.059457927534934,-0.13433338090497296,2,3,0
1,1,2026-04-05,-2.3796925212136384,4.06291629954111,-0.1338502690142985,2,3,0
1,1,2026-04-05,-2.391475439990072,4.06291629954111,-0.133367157123624,2,3,0
1,1,2026-04-06,-2.391475439990072,4.0646454855441965,-0.13312560117828678,2,3,0
1,1,2026-04-06,-2.403258358766506,4.0750206015627235,-0.133367157123624,2,3,0
1,1,2026-04-06,-2.403258358766506,4.078478973568898,-0.13288404523294955,2,3,0
1,1,2026-04-06,-2.41504127754294,4.088854089587425,-0.13312560117828678,2,3,0
1,1,2026-04-07,-2.41504127754294,4.094041647596688,-0.13312560117828678,2,3,0
1,1,2026-04-07,-2.41504127754294,4.095770833599775,-0.13264248928761233,2,3,0
1,1,2026-04-07,-2.403258358766506,4.0923124615935995,-0.13215937739693784,2,3,0
1,1,2026-04-07,-2.391475439990072,4.087124903584336,-0.13143470956092615,2,3,0
1,1,2026-04-08,-2.3620181430489873,4.08539571758125,-0.1319178214516006,2,3,0
1,1,2026-04-08,-2.3384523054961197,4.08539571758125,-0.13215937739693784,2,3,0
1,1,2026-04-08,-2.3384523054961197,4.081937345575073,-0.1324009333422751,2,3,0
0,0,2026-04-03,-0.20531410717001716,-0.014028510210846447,-0.05051346787295257,1,1,0
0,0,2026-04-03,-0.286522454693951,-0.015873240422660535,-0.11278659058089163,1,1,0
0,0,2026-04-03,0.1649276472458065,-0.6349088260493002,0.0642739173513013,1,4,0
0,0,2026-04-03,0.6924442371565408,-0.14298974980488185,-0.09871354120554435,1,5,0
0,0,2026-04-02,-0.20265211016004506,-0.017108847573026817,-0.006453663443440984,1,1,0
0,0,2026-04-02,0.8615165610069522,-0.21316758443534037,-0.10579596152283208,1,5,0
0,0,2026-04-02,0.01859934949528177,-0.2624332210925818,-0.0891624191269101,1,6,0
1,1,2026-04-02,-2.5151960871426287,2.662275637040104,,3,7,0
1,1,2026-04-02,-2.5387619246954967,2.660546451037016,-0.13554116063165914,2,7,0
1,1,2026-04-02,-2.5741106810247985,2.655358893027753,-0.1352996046863219,2,7,0
1,1,2026-04-02,-2.5741106810247985,2.660546451037016,-0.13481649279564742,2,7,0
1,1,2026-04-03,-2.662482571848053,2.655358893027753,-0.13481649279564742,2,7,0
1,1,2026-04-03,-2.7272886251184394,2.6501713350184906,-0.13481649279564742,2,7,0
1,1,2026-04-03,-2.8038775971652603,2.6380670329968767,-0.1345749368503102,2,7,0
1,1,2026-04-03,-2.880466569212081,2.6276919169783506,-0.13433338090497296,2,7,0
1,1,2026-04-04,-2.9570555412589017,2.608670870944386,-0.133367157123624,2,7,0
1,1,2026-04-04,-3.0277530539175057,2.6034833129351234,-0.13312560117828678,2,7,0
1,1,2026-04-04,-3.1102334853525426,2.600024940928948,-0.13360871306896124,2,7,0
1,1,2026-04-04,-3.228062673116882,2.605212498938211,-0.13409182495963573,2,7,0
1,1,2026-04-05,-3.345891860881222,2.6034833129351234,-0.13409182495963573,2,7,0
1,1,2026-04-05,-3.481395426810212,2.615587614956737,-0.13433338090497296,2,7,0
1,1,2026-04-05,-3.6110075333509855,2.632879474987614,-0.1345749368503102,2,7,0
1,1,2026-04-05,-3.7170538023388913,2.6536297070246655,-0.13505804874098468,2,7,0
0,0,2026-04-01,0.21845626895526832,-0.24150275599842821,-0.06974132112179644,1,8,0
0,0,2026-03-31,0.43030295633080906,0.07582405809669572,-0.06500682459318664,1,9,0
0,0,2026-03-31,0.09279438593429433,-0.23764357596859717,-0.11288321295902654,1,6,0
0,0,2026-03-31,0.19615173394282379,-0.02018178401911398,-0.10818253426276393,1,10,0
0,0,2026-03-30,0.2330224309758837,-0.26001028220668343,-0.11307645771529631,1,11,0
0,0,2026-03-30,0.13641886348330576,-0.106857237611441,-0.01669563552573973,1,12,0
0,0,2026-03-30,0.06737422921336358,-0.1306191358469327,-0.10993623042591227,1,12,0
0,0,2026-03-30,0.21876238918507995,-0.2401313212875193,-0.04626208323501724,1,8,0
0,0,2026-03-30,0.015021171635848336,-0.25760286103597674,-0.0711423456047524,1,6,0
0,0,2026-03-30,0.2045470635710329,-0.23240575052222434,0.04586735431660402,1,8,0
0,0,2026-03-30,0.02655034525643169,-0.1476308677453089,-0.06771225118096366,1,0,0
0,0,2026-03-30,0.11930548186451975,-0.05766132000465806,-0.1132697024715661,1,13,0
0,0,2026-03-30,0.01893168671937113,-0.23918896679141663,-0.056938856018923005,1,6,0
0,0,2026-03-29,0.02055349355121897,-0.03732474730163673,-0.0756835973770924,1,13,0
0,0,2026-03-29,0.30757590380407546,-0.014052978192790286,-0.10848689475388887,1,14,0
0,0,2026-03-29,0.4923512174615714,-0.030487559678916143,-0.10230306255325566,1,15,0
0,0,2026-03-29,0.42541982021688557,-0.10924120929075992,-0.10689262551466311,1,16,0
0,0,2026-03-29,0.13458775077377294,-0.05283066598643218,-0.06495851340411919,1,13,0
0,0,2026-03-29,0.5540579506915988,-0.3329467287683318,-0.07950018131342071,1,17,0
0,0,2026-03-29,0.7737355835603358,-0.171223890217367,-0.10804243181446836,1,5,0
0,0,2026-03-29,0.33628663501148537,-0.2142973342769696,-0.0343775307244253,1,18,0
0,0,2026-03-28,0.3213530815834207,-0.2717552974189475,-0.0500303559822781,1,11,0
0,0,2026-03-28,0.33750492989837483,-0.2783682234505556,0.003111951991913505,1,11,0
0,0,2026-03-27,0.846333192026449,-0.5805101042002649,-0.07466906240667602,1,19,0
0,0,2026-03-27,0.23883783162339878,-0.39640275398294,0.03973183330503827,1,20,0
0,0,2026-03-27,0.13445501619375622,-0.16590414458409805,-0.06500682459318664,1,0,0
0,0,2026-03-27,-0.041036476845193307,-0.2417333429519399,-0.10607133530051652,1,6,0
0,0,2026-03-27,1.0317099647728882,-0.655916084293851,-0.1118203667995427,1,21,0
0,0,2026-03-27,0.13445503975959405,-0.16590413766735396,-0.06500682459318664,1,0,0
0,0,2026-03-27,0.41926619088589295,-0.3132465968072351,-0.11331801366063356,1,22,0
0,0,2026-03-27,0.23336609747637652,-0.25948191904832396,-0.07911369180088114,1,11,0
0,0,2026-03-26,0.34433828046482373,-0.2547842982260598,-0.10848689475388887,1,11,0
0,0,2026-03-26,0.31728797460555125,-0.28148715624432474,-0.017371992172683984,1,11,0
0,0,2026-03-26,0.2894331546180614,-0.31117977686192855,-0.10752067097253992,1,11,0
0,0,2026-03-26,0.989366455455738,-0.2575857766782661,-0.10568484578797695,1,23,0
0,0,2026-03-26,0.037926753335078736,-0.17936488927397365,-0.11066089826192398,1,0,0
0,0,2026-03-26,0.642691599055472,-0.3700382872903632,0.5294623568817476,1,17,0
0,0,2026-03-26,0.643918966789819,-0.37292613166667976,1.657287065661296,1,17,0
0,0,2026-03-26,0.0556404275338491,-0.21553178287271402,-0.04974048884787342,1,24,0
0,0,2026-03-26,0.0006760571714787512,-0.24193116183069302,0.10456544903355203,1,6,0
0,0,2026-03-26,0.0025190824118947815,-0.21244305895841872,-0.09278575830696861,1,24,0
0,0,2026-03-26,0.20595447430428426,-0.022026254853027526,-0.08631205897193073,1,10,0
0,0,2026-03-26,0.21839197545896477,-0.262330272274702,-0.07872720228834157,1,11,0
0,0,2026-03-25,0.39791783973215605,-0.419791879487444,-0.10665106956932588,1,25,0
0,0,2026-03-25,0.002288903093597047,-0.25587294877476774,-0.09809998910438777,1,6,0
0,0,2026-03-25,0.1265589288341046,-0.053867434038303644,-0.09505638419313862,1,13,0
0,0,2026-03-25,0.04346472516000255,-0.11457132831086134,-0.1032692863346046,1,12,0
0,0,2026-03-25,0.19281322065130305,-0.1194209272909368,-0.09838985623879246,1,12,0
0,0,2026-03-25,0.005705654965793586,-0.2511748368636788,0.06707596631721321,1,6,0
0,0,2026-03-25,0.5483971419384304,-0.1645751613895649,-0.052929027326324915,1,26,0
0,0,2026-03-25,0.21951573009705144,-0.2413444836035654,0.020214112921789713,1,8,0
0,0,2026-03-25,0.19636447454133227,-0.22798671194017367,0.04668864453075062,1,8,0
0,0,2026-03-25,0.2107707423541516,-0.22662786570336738,-0.016164212445997812,1,8,0
0,0,2026-03-25,0.3998290291576937,-0.05741681310382126,-0.08524921281244689,1,27,0
0,0,2026-03-24,-0.1191886474858678,-0.037838699423846364,-0.10979226308249128,1,1,0
0,0,2026-03-24,0.11934171433975749,-0.05418786949653574,-0.08848606247996584,1,13,0
0,0,2026-03-24,0.17900434682044888,-0.5089999628797753,-0.08848606247996584,1,28,0
0,0,2026-03-24,0.2972295172446487,-0.2549274350558375,-0.074234261705069,1,11,0
0,0,2026-03-24,0.32610430792164224,-0.272600731039577,-0.10375239822527907,1,11,0
0,0,2026-03-24,0.2720729874243998,-0.365382649375068,0.004416354096734572,1,6,0
0,0,2026-03-24,0.31810099600112496,-0.2731381274656167,-0.11003285280404716,1,11,0
0,0,2026-03-24,0.21978296669490105,-0.2391964368749498,0.007894759709590748,1,8,0
0,0,2026-03-24,0.2738266786986744,-0.24190781781965132,-0.024280492209328895,1,8,0
0,0,2026-03-24,0.20572535544867646,-0.2301001749487276,-0.10375239822527907,1,8,0
0,0,2026-03-24,0.2118720917721847,-0.26355030983429667,-0.07133559036102219,1,11,0
0,0,2026-03-24,0.3832891693274316,0.005155615355069039,-0.07983835963689284,1,29,0
0,0,2026-03-24,0.12239949959142976,-0.057285516010606816,-0.02901498873793869,1,13,0
0,0,2026-03-24,0.2322041720729138,-0.258300309189276,-0.10848689475388887,1,11,0
0,0,2026-03-23,0.2669179586922725,-0.24857555904755751,-0.1030760415783348,1,11,0
0,0,2026-03-23,0.29563882320983004,-0.24853809277442857,-0.07708462186004837,1,11,0
0,0,2026-03-23,0.2607941165799465,-0.27799862031751166,-0.03756606920287679,1,11,0
0,0,2026-03-23,0.18778911369713813,-0.08794186386331149,-0.11331801366063356,1,13,0
0,0,2026-03-23,0.34950936754780587,-0.18820592334614045,-0.1056365345989095,1,18,0
0,0,2026-03-23,0.24243238773993175,-0.2702028688090955,-0.039595139143709566,1,11,0
0,0,2026-03-23,0.24220326888432395,-0.26702789309696623,-0.10462199962849311,1,11,0
0,0,2026-03-23,0.07348760220235619,-0.15622492218065456,-0.05162462522150384,1,0,0
0,0,2026-03-23,0.26605388190963997,-0.2491346619454937,-0.10848689475388887,1,11,0
0,0,2026-03-23,-0.024815344967833875,-0.1509803010332898,-0.09872803456226459,1,0,0
0,0,2026-03-23,0.40675862260470835,-0.18332386062804307,-0.0665044714542775,1,18,0
0,0,2026-03-23,0.2926243814248769,-0.22138218975254045,-0.10365577584714417,1,8,0
0,0,2026-03-23,0.025731432401469558,-0.14787641215774738,-0.06017570568644195,1,0,0
0,0,2026-03-23,0.24294364858564102,-0.05579206993532017,-0.08795463940022392,1,14,0
0,0,2026-03-23,0.2680438813874138,-0.2467820092830628,-0.11041934231658673,1,11,0
0,0,2026-03-23,0.2910860388981817,-0.2497888718027858,-0.0830558848287848,1,11,0
0,0,2026-03-23,0.20880199337039115,-0.022300036872896407,-0.0827853421700071,1,10,0
0,0,2026-03-23,0.12292578365857912,0.014243905733817232,-0.0813360064979837,1,10,0
0,0,2026-03-22,0.23110770667471328,-0.287326617376752,-0.09607091916355501,1,11,0
0,0,2026-03-22,0.370713436861125,-0.14422604862964933,-0.07070754490314538,1,26,0
0,0,2026-03-22,0.12192553168364755,-0.05927292135953569,-0.07935524774621837,1,13,0
0,0,2026-03-22,0.2942445150822584,-0.3272323880767163,-0.10737573740533758,1,11,0
0,0,2026-03-22,0.22128860573053183,-0.14561021706628488,-0.09872803456226459,1,0,0
0,0,2026-03-22,-0.03446619172334722,-0.08578518503816836,-0.11331801366063356,1,1,0
0,0,2026-03-22,0.12061927730809222,-0.058318410685831316,-0.09838985623879246,1,13,0
0,0,2026-03-22,0.1312482359341562,-0.05361435037489155,-0.09302731425230586,1,13,0
0,0,2026-03-22,0.341690399391546,-0.03633815676920293,-0.06437877913530983,1,29,0
0,0,2026-03-22,0.43149750863636405,0.018640845318748465,-0.06437877913530983,1,29,0
0,0,2026-03-22,0.20402337174601448,-0.22390391357642322,0.03533551509990059,1,8,0
0,0,2026-03-22,0.217164566484402,0.05639233038699811,-0.09283406949603606,1,14,0
0,0,2026-03-22,0.19253501415607246,-0.2621093220747855,-0.06017570568644195,1,11,0
0,0,2026-03-21,0.8111287764521586,-0.48176609604856596,-0.04495768113019617,1,30,0
0,0,2026-03-21,0.38781463494189655,-0.2807833775410683,-0.06225308681634217,1,22,0
0,0,2026-03-21,0.13665229488718592,-0.05278913093863819,-0.07500724073014815,1,13,0
0,0,2026-03-21,0.21879455655333963,-0.23957514590148601,-0.10597471292238163,1,8,0
0,0,2026-03-21,0.22327601296617472,-0.23360801896645123,-0.08756814988768435,1,8,0
0,0,2026-03-21,0.03821148756731114,-0.20895606892389226,-0.06718082810122175,1,24,0
0,0,2026-03-21,0.1338481369621761,-0.09608540655252856,-0.08819619534556115,1,12,0
0,0,2026-03-21,0.187625460738252,-0.08795627489946106,-0.11288321295902654,1,13,0
0,0,2026-03-21,0.09323477252356352,-0.11575475900277062,-0.07466906240667602,1,12,0
0,0,2026-03-21,0.24323132854756763,-0.06731363627389338,-0.045537415399005535,1,14,0
0,0,2026-03-21,0.31428833805804035,-0.2752763005421546,0.10408233714287755,1,11,0
0,0,2026-03-21,0.34267721883907204,-0.03612287311181849,-0.06983794349993133,1,29,0
0,0,2026-03-21,0.20927655042411195,-0.022862022323899875,-0.10814871643041674,1,10,0
0,0,2026-03-21,0.386661853083404,0.005035506095294583,-0.11322139128249865,1,29,0
0,0,2026-03-20,0.11316658118199774,-0.05718406466780575,-0.10983960804777737,1,13,0
0,0,2026-03-20,0.12295818668521413,-0.05394500532240215,-0.031188992245973803,1,13,0
0,0,2026-03-20,0.1539404878889391,-0.28407197806546036,-0.1014334611500416,1,6,0
0,0,2026-03-20,0.6960952629113095,-0.44587637367426086,0.16625883747268172,1,30,0
0,0,2026-03-20,0.3970099069258379,-0.15826169578997154,-0.07379946100346198,1,26,0
0,0,2026-03-20,0.22327601296617472,-0.23360801896645123,-0.09703714294490394,1,8,0
0,0,2026-03-20,0.2165720624137288,-0.23547109584175796,-0.05954766022856514,1,8,0
0,0,2026-03-20,0.31427154739878405,-0.27528226623386537,0.10408233714287755,1,11,0
0,0,2026-03-20,0.0803776639568761,-0.4714247510326804,0.01712219682147311,1,20,0
0,0,2026-03-20,0.13841543193829764,-0.09591534110912497,-0.01949768449165165,1,12,0
0,0,2026-03-20,0.34542299240154467,-0.17856237404994077,-0.10355915346900928,1,18,0
0,0,2026-03-20,0.016481841161968908,-0.1852959972645644,-0.10022568142335544,1,0,0
0,0,2026-03-20,0.022250581451129257,-0.23254657543031584,-0.024763604100003365,1,6,0
0,0,2026-03-20,0.0235044607527235,-0.14502844281066207,-0.08408974427482817,1,0,0
0,0,2026-03-20,0.18907980283699,-0.11876556579576668,-0.09621585273075735,1,12,0
0,0,2026-03-20,0.24320063404415507,-0.22487206752769215,-0.10491186676289779,1,8,0
0,0,2026-03-20,0.1058535715579977,-0.11529427677014818,-0.08684348205167265,1,12,0
0,0,2026-03-20,0.2089324302812464,-0.22566892831349497,-0.03659984542152786,1,8,0
0,0,2026-03-20,0.1955789073465074,-0.24126302165095992,-0.09312393663044075,1,8,0
0,0,2026-03-20,0.1912794970287682,-0.24812337690775008,-0.11331801366063356,1,11,0
0,0,2026-03-20,0.16797730228352306,-0.035300212870849626,-0.10983960804777737,1,10,0
0,0,2026-03-20,0.1672999022830661,-0.036612042540231975,-0.10346253109087439,1,10,0
0,0,2026-03-20,0.19883558826712605,-0.020988743251174887,-0.07500724073014815,1,10,0
0,0,2026-03-19,0.37355630167431525,-0.18567584755386274,-0.06935483160925686,1,18,0
0,0,2026-03-19,0.1209256331962792,-0.05901008508706624,-0.11288321295902654,1,13,0
0,0,2026-03-19,0.37422716215485186,-0.14164608582118243,-0.09549118489474565,1,26,0
0,0,2026-03-19,0.34160892050820674,-0.17577452850018263,-0.06800211831536834,1,18,0
0,0,2026-03-19,-0.04606383588494062,-0.07697748621376917,-0.05283240494819002,1,1,0
0,0,2026-03-19,0.12624662257193547,-0.05967179269486788,-0.04587559372247767,1,13,0
0,0,2026-03-19,0.20592171779008558,-0.23211273995400103,-0.03544037688390913,1,8,0
0,0,2026-03-19,0.18984946309146666,-0.12030454133851468,-0.09848647861692734,1,12,0
0,0,2026-03-19,0.13482158279689113,-0.09589071750044101,-0.055731076292236836,1,12,0
0,0,2026-03-19,0.06100454239222666,-0.21637159663883346,-0.0695963875545941,1,24,0
0,0,2026-03-19,0.009300741313671212,-0.2563810182061949,0.0571721725583866,1,6,0
0,0,2026-03-19,0.01057565312528145,-0.23183185097965944,-0.02732409712057805,1,6,0
0,0,2026-03-19,0.20913421276529284,-0.22720282004939396,-0.05592432104850662,1,8,0
0,0,2026-03-19,0.16014835163847574,-0.2653035123288625,-0.10124021639377183,1,6,0
0,0,2026-03-19,0.2165720624137288,-0.23547109584175796,-0.0171787474164142,1,8,0
0,0,2026-03-19,-0.03340603538935633,-0.2641128659166812,-0.09046682123173116,1,6,0
0,0,2026-03-19,0.24536503839419818,-0.22605809891534975,-0.05771183504400216,1,8,0
0,0,2026-03-19,0.11130599939260478,-0.12356575155661793,-0.06660109383241239,1,12,0
0,0,2026-03-19,0.0007693189735942325,-0.21190816985208352,-0.10056385974682756,1,24,0
0,0,2026-03-19,0.2714642034839997,-0.23430112859206878,-0.06983794349993133,1,8,0
0,0,2026-03-19,0.3153673588449924,-0.2366822177183204,-0.11153049966513802,1,8,0
0,0,2026-03-19,0.22777414220907827,-0.2274506642792164,-0.046648572747556814,1,8,0
0,0,2026-03-18,0.3102182233396906,-0.27583963475824047,0.10408233714287755,1,11,0
0,0,2026-03-18,0.015578503693973702,-0.5177982860576659,-0.07684306591471113,1,28,0
0,0,2026-03-18,0.02881790906036264,-0.5182497938149317,-0.10703755908186545,1,28,0
0,0,2026-03-18,0.12654608545263848,-0.05462343415885345,-0.07249505889864091,1,13,0
0,0,2026-03-18,0.43801746891211585,-0.42542325037625944,0.21930452306873843,1,25,0
0,0,2026-03-18,0.1895552436096189,-0.5277128679679893,-0.09515300657127351,1,28,0
0,0,2026-03-18,0.012357819590217011,-0.18392994032212526,-0.09172291214748478,1,0,0
0,0,2026-03-18,0.16832242397448502,-0.14795422552788645,-0.08737490513141456,1,0,0
0,0,2026-03-18,0.07664542443444065,-0.16038361451808059,-0.034135974779088064,1,0,0
0,0,2026-03-18,0.010916120563326533,-0.2566275655465151,-0.055682765103169385,1,6,0
0,0,2026-03-18,0.02277486242208666,-0.2581018868246077,-0.07578021975522731,1,6,0
0,0,2026-03-18,-0.032807109627950304,-0.2654359871706637,-0.05718041196426024,1,6,0
0,0,2026-03-18,0.12417771877857535,-0.09923440989089143,-0.10500848914103268,1,12,0
0,0,2026-03-18,0.305932540122326,-0.25004680237456456,-0.08022484914943241,1,11,0
0,0,2026-03-18,0.21277937651797008,-0.26303328321937325,-0.06336424416489345,1,11,0
0,0,2026-03-18,0.03665025082943372,-0.23512624427716197,-0.06978963231086388,1,6,0
0,0,2026-03-18,0.2390906341457473,-0.22528688195797286,-0.09138473382401266,1,8,0
0,0,2026-03-18,0.4085557533764901,-0.15822565955366724,-0.10906662902269823,1,26,0
0,0,2026-03-18,0.27075116015424355,-0.21904076815319953,-0.08249547503560242,1,8,0
0,0,2026-03-18,-0.004528104564508811,-0.21181220002891218,-0.08795463940022392,1,24,0
0,0,2026-03-18,0.2470310252799982,-0.2690693009247713,-0.08786767925990252,1,11,0
0,0,2026-03-18,0.11254520896032236,-0.123416228842931,-0.06007908330830706,1,12,0
0,0,2026-03-18,0.020624126257824216,-0.20714434887287708,-0.09191615690375457,1,24,0
0,0,2026-03-18,0.2135317747964393,-0.23650831348198983,-0.10066048212496247,1,8,0
0,0,2026-03-18,0.2905309102458675,-0.2085120485420194,-0.05297733851539236,1,8,0
0,0,2026-03-18,0.22024862764494552,-0.24163526352184472,-0.047759730096108094,1,8,0
0,0,2026-03-18,0.18933725961225475,-0.2474429422155351,0.06857361317830407,1,11,0
0,0,2026-03-18,0.1912794970287682,-0.24812337690775008,-0.09858310099506225,1,11,0
0,0,2026-03-18,0.27049211268494383,-0.22441979892858452,-0.06935483160925686,1,8,0
0,0,2026-03-17,0.37524715051873353,-0.189586782120766,0.016059350661989276,1,18,0
0,0,2026-03-17,-0.05536963164700486,-0.07926976434690232,0.15447090734022467,1,1,0
0,0,2026-03-17,0.2569880629628363,-0.21456981940733624,-0.06809874069350325,1,8,0
0,0,2026-03-17,0.240601675649637,-0.22631884287275536,-0.06906496447485218,1,8,0
0,0,2026-03-17,0.2192305245480679,-0.2433171389958878,-0.004521215880743107,1,8,0
0,0,2026-03-17,0.22742360037547943,-0.2282129586368175,-0.010318558568836737,1,8,0
0,0,2026-03-17,0.326467516392926,-0.23083507900003966,-0.08650530372820052,1,18,0
0,0,2026-03-17,0.21391642817989603,-0.2628413435730305,-0.05094826857455959,1,11,0
0,0,2026-03-17,0.20931696583551523,-0.23371818540670772,0.03548044866710293,1,8,0
0,0,2026-03-17,0.22965120830183952,-0.25610040071405593,-0.09640909748702714,1,11,0
0,0,2026-03-16,0.18933531543065693,-0.5162959173826032,-0.11080583182912632,1,28,0
0,0,2026-03-16,0.19001283326030177,-0.5174616827103046,-0.10892169545549589,1,28,0
0,0,2026-03-16,0.26938581444102416,-0.2791321951185799,-0.10496017795196523,1,11,0
0,0,2026-03-15,0.17348595820653157,-0.2954105619411866,-0.10124021639377183,1,11,0
0,0,2026-03-15,0.2151189398470846,-0.3296868707736831,0.039152099036228905,1,11,0
0,0,2026-03-15,0.2574666851235347,-0.3784880930293313,-0.06500682459318664,1,6,0
0,0,2026-03-15,0.8262760248951525,-0.36083143181494126,-0.08959238870961038,1,31,0
0,0,2026-03-15,0.1248421575683783,-0.09933480643023081,-0.05988583855203727,1,12,0
0,0,2026-03-15,0.5761632365475338,-0.34707665114954245,6.099645833980242,1,17,0
0,0,2026-03-14,0.3318917241370632,-0.27330015219410614,-0.10916325140083312,1,11,0
0,0,2026-03-14,0.18692995039163543,-0.12003171037094755,-0.08007991558223007,1,12,0
0,0,2026-03-14,0.3238491161824269,-0.2725324627761752,-0.042783677622161065,1,11,0
0,0,2026-03-14,-0.03120463267435526,-0.26361572494079344,-0.10756898216160737,1,6,0
0,0,2026-03-14,0.21719602687753475,-0.24922689153934052,-0.10259292968766034,1,11,0
0,0,2026-03-14,-0.031497202547574085,-0.26489418132031617,-0.007951310304531839,1,6,0
0,0,2026-03-14,0.19731364756336803,-0.23499952952685593,0.12818962048753357,1,8,0
0,0,2026-03-14,0.27048227394776525,-0.2228712091116593,-0.04940231052440129,1,8,0
0,0,2026-03-14,0.219308468555774,-0.23325210061143567,-0.060417261631779184,1,8,0
0,0,2026-03-14,0.12712344847268367,-0.09916697163677123,-0.1078105381069446,1,12,0
0,0,2026-03-14,0.39881516791157534,-0.15832069561639683,-0.11331801366063356,1,26,0
0,0,2026-03-14,0.22601236019362617,-0.23046627820930118,0.010938364620839905,1,8,0
0,0,2026-03-14,-0.006345619785773802,-0.2178594574433302,-0.06365411129929813,1,24,0
0,0,2026-03-14,0.22578901496821888,-0.047546152517976156,-0.10365577584714417,1,10,0
0,0,2026-03-13,0.1494962654994377,-0.030359011991446545,-0.10694093670373056,1,10,0
0,0,2026-03-13,0.3755172150170895,-0.18460634601095288,-0.10322097514553714,1,18,0
0,0,2026-03-13,0.37252924355916756,-0.18785749236651827,-0.043315100701902975,1,18,0
0,0,2026-03-13,0.3433230995318025,-0.1763859859627346,-0.05635912175011364,1,18,0
0,0,2026-03-13,0.3201178192934933,-0.2803666437143241,0.10596647351650798,1,11,0
0,0,2026-03-13,0.31876278363420363,-0.2318860263771363,-0.09066006598800096,1,18,0
0,0,2026-03-13,0.20314513189501293,-0.2894471008804782,-0.10742404859440503,1,11,0
0,0,2026-03-13,0.5035195981092204,-0.2786861170053632,-0.09882465694039948,1,22,0
0,0,2026-03-13,0.20467797179863925,-0.23323192101077947,-0.053218894460729596,1,8,0
0,0,2026-03-13,0.194220631384554,-0.23342405086758253,-0.08123938411984881,1,8,0
0,0,2026-03-13,0.611658277813445,-0.37688911473227604,27.535368734395504,1,17,0
0,0,2026-03-13,0.26262701440167385,-0.22229481954125013,-0.10462199962849311,1,8,0
0,0,2026-03-13,0.26164508486543986,-0.22143022653970634,-0.0820606743339954,1,8,0
0,0,2026-03-13,0.17282302763033164,-0.03410880371472224,-0.1132697024715661,1,10,0
0,0,2026-03-13,-0.03563795586398856,-0.2556845366678712,-0.0922543352272267,1,6,0
0,0,2026-03-13,0.2904347027140581,-0.20479343404237932,0.018281665359091835,1,8,0
0,0,2026-03-13,0.3568550158568163,-0.1874522922104148,-0.0813360064979837,1,18,0
0,0,2026-03-13,0.37061157352830293,-0.19249632778142134,-0.08858268485810074,1,18,0
0,0,2026-03-13,0.2713463742962352,-0.2337477890710808,-0.034135974779088064,1,8,0
0,0,2026-03-13,0.22475800957528058,-0.048530837487434406,-0.07239843652050602,1,10,0
0,0,2026-03-13,0.2072636744095338,-0.02186295052689589,-0.0884377512908984,1,10,0
0,0,2026-03-12,0.6898972708911235,-0.35621392936775803,0.15239352621032445,1,17,0
0,0,2026-03-12,0.7456158658843737,-0.4012666083724249,0.269306603753546,1,31,0
0,0,2026-03-12,0.6335896477882401,-0.3466757393747266,1.5927433170671867,1,17,0
0,0,2026-03-12,0.8298272670022633,-0.36083623549365773,-0.08959238870961038,1,31,0
0,0,2026-03-12,0.20292296496148324,-0.28946043290456197,-0.09631247510889224,1,11,0
0,0,2026-03-11,0.22739608726013644,-0.0500044843829858,-0.05505471964529258,1,13,0
0,0,2026-03-11,0.19821374472869996,-0.018601498222752085,-0.10525004508636993,1,10,0
0,0,2026-03-11,0.15834800648645206,-0.03145555800344446,-0.0012360550241567172,1,10,0
0,0,2026-03-10,0.2680648314169982,-0.37696554475361244,0.27317149887894177,1,6,0
0,0,2026-03-10,0.22873333071207383,-0.23385408213469056,-0.01558447817718845,1,8,0
0,0,2026-03-10,0.12288642870986599,-0.058449206315104904,-0.05983752736296982,1,13,0
0,0,2026-03-10,0.17670367301475623,-0.03364389476593201,-0.07911369180088114,1,10,0
0,0,2026-03-10,0.4030275613741505,0.006762789993778638,-0.11249672344648695,1,29,0
0,0,2026-03-09,0.2550859463847561,-0.35261203492332654,0.20070471527777137,1,6,0
0,0,2026-03-09,0.151493470232043,-0.051235370855563775,-0.10766560453974226,1,13,0
0,0,2026-03-09,0.7427220399474751,-0.43724647321307125,-0.017167635842928686,1,30,0
0,0,2026-03-09,0.4564579724556105,-0.5373778591706272,-0.01669563552573973,1,32,0
0,0,2026-03-08,0.9695791642960968,-0.5173087016246114,-0.10365577584714417,1,33,0
0,0,2026-03-08,0.9908052676675284,-0.551728494853272,-0.11331801366063356,1,33,0
0,0,2026-03-08,0.604611503239199,-0.13478733870737528,-0.10805209405228183,1,26,0
0,0,2026-03-08,0.21534039391402796,-0.3171133679636195,-0.07906538061181369,1,11,0
0,0,2026-03-07,-0.08709656029426582,-0.04946267334508033,-0.10124021639377183,1,1,0
0,0,2026-03-07,-0.2009653794457393,-0.025302100901460914,0.02180838216101546,1,1,0
0,0,2026-03-07,0.07791208820290749,-0.1600740902235277,-0.06312268821955622,1,0,0
0,0,2026-03-07,0.12153245351326561,-0.05756102721647884,-0.09056344360986605,1,13,0
0,0,2026-03-06,0.1520992300863397,-0.051608823156650614,-0.1054432898426397,1,13,0
0,0,2026-03-06,0.1340125086791076,-0.05416836427842077,-0.0875198386986169,1,13,0
0,0,2026-03-06,0.02343376324006485,-0.1820624194387905,-0.1109024542072612,1,0,0
0,0,2026-03-06,0.014270187307632262,-0.5176726952782614,-0.08143262887611859,1,28,0
0,0,2026-03-06,0.12373585932445906,-0.10024309596207263,-0.09012864290825903,1,12,0
0,0,2026-03-06,0.21188487623905708,-0.1787847473699379,-0.09587767440728522,1,8,0
0,0,2026-03-06,0.1913777665713638,-0.11986050366478186,-0.09181953452561968,1,12,0
0,0,2026-03-06,0.12242989952187282,-0.05768869301908688,-0.05993414974110472,1,13,0
0,0,2026-03-05,0.11895788576061514,-0.05735525408211146,-0.09867972337319714,1,13,0
0,0,2026-03-05,0.12783042359926974,-0.05488078891169294,-0.07437919527227134,1,13,0
0,0,2026-03-05,0.6335896477882401,-0.3466757393747266,-0.07950018131342071,1,17,0
0,0,2026-03-05,0.12358857283975334,-0.100737833369416,-0.09578105202915033,1,12,0
0,0,2026-03-05,0.15446965877118893,-0.09041556127514451,-0.02524671599067783,1,12,0
0,0,2026-03-05,0.11561548410589792,-0.05733825618370102,-0.09495976181500372,1,13,0
0,0,2026-03-05,0.21212412840481257,-0.01843338675953196,-0.09293069187417095,1,10,0
0,0,2026-03-04,-0.27557416718612693,-0.011790435142166239,-0.10167501709537885,1,1,0
0,0,2026-03-04,0.2683318912710662,0.07840775594692921,-0.06935483160925686,1,14,0
0,0,2026-03-04,0.1555006641641268,-0.09317361295006922,-0.01713043622734675,1,12,0
0,0,2026-03-04,0.13843177484664024,-0.16723945314103048,-0.11206192274487993,1,0,0
0,0,2026-03-04,0.264224582002161,-0.07762621334100138,-0.11124063253073334,1,34,0
0,0,2026-03-04,0.20546348007886997,-0.22963905291728415,-0.023845691507721874,1,8,0
0,0,2026-03-04,0.02235368199042313,-0.1476275995837632,-0.05862974763628365,1,0,0
0,0,2026-03-04,0.15923190213846627,-0.08966625310442645,-0.07727786661631816,1,12,0
0,0,2026-03-04,0.2678939790947401,-0.3378571847206,-0.10655444719119099,1,11,0
0,0,2026-03-04,0.1064071330821147,-0.12290039536634989,-0.09597429678542012,1,12,0
0,0,2026-03-04,0.02358888536575678,-0.22187030437749203,-0.0774228001835205,1,24,0
0,0,2026-03-03,0.29101371534273196,-0.42204751616917163,-0.0827853421700071,1,20,0
0,0,2026-03-03,-0.03634818307615683,-0.16045239807891143,-0.0789687582336788,1,0,0
0,0,2026-03-03,0.19336961007592596,-0.22736709271968733,-0.07771266731792519,1,8,0
0,0,2026-03-03,0.5224894669531244,-0.3551683476548292,-0.06399228962277026,1,22,0
0,0,2026-03-03,0.17387217871818544,-0.1486165037670689,-0.09268913592883372,1,0,0
0,0,2026-03-03,-0.05753651040999108,-0.08068863062987587,-0.04423301329418447,1,1,0
0,0,2026-03-03,0.2272525713094397,-0.23585475034026282,-0.04461950280672405,1,8,0
0,0,2026-03-03,0.0932387198013537,-0.22311163513352855,-0.09882465694039948,1,24,0
0,0,2026-03-03,0.10684539874600404,-0.2186866308597673,0.0007930149166760531,1,24,0
0,0,2026-03-03,0.15658103998673803,-0.08990373951009051,-0.023265957238912508,1,12,0
0,0,2026-03-03,0.12493052945920155,-0.09888857269027396,-0.0711423456047524,1,12,0
0,0,2026-03-03,0.02657980255337271,-0.14591378604424285,0.0007447037276086062,1,0,0
0,0,2026-03-03,0.08219995126024564,-0.08997461884435701,-0.11032271993845184,1,12,0
0,0,2026-03-03,0.106512943692727,-0.12154455791318876,-0.098341545049725,1,12,0
0,0,2026-03-03,0.21474252861531207,-0.24121019501856578,0.012822500994470335,1,8,0
0,0,2026-03-03,0.206009559449564,-0.08157196800769322,-0.0860705030265935,1,13,0
0,0,2026-03-02,0.11437892569490506,-0.058016581268992395,-0.07616670926776688,1,13,0
0,0,2026-03-02,0.6040292503078614,-0.1329189532310392,-0.09549118489474565,1,26,0
0,0,2026-03-02,0.23731335759210395,-0.0598945637276457,-0.042928611189363405,1,14,0
0,0,2026-03-02,8.814843912850339e-05,-0.10843058418437239,0.0027737736684413762,1,12,0
0,0,2026-03-02,0.13154204301384656,-0.0986964428334709,-0.08331676524974901,1,12,0
0,0,2026-03-02,0.1606020199337898,-0.08867299137239293,-0.10264124087672778,1,12,0
0,0,2026-03-02,0.2079189225226913,-0.26747556206130546,-0.07080416728128026,1,11,0
0,0,2026-03-02,0.10954433520634015,-0.12147895259623162,-0.06587642599640069,1,12,0
0,0,2026-03-02,0.09336467920307391,-0.2234164387502929,-0.07950018131342071,1,24,0
0,0,2026-03-01,0.19574257208831203,-0.09046840519939887,-0.11331801366063356,1,12,0
0,0,2026-03-01,0.0017719275322810087,-0.10747456911884519,-0.043315100701902975,1,12,0
0,0,2026-03-01,0.2035323775206006,-0.23054687556890507,-0.0066952193887782185,1,8,0
0,0,2026-03-01,0.031303397947063584,-0.20888688419190868,-0.07312310435651773,1,24,0
0,0,2026-03-01,0.20909621285223848,-0.2250292332435126,-0.08148094006518604,1,8,0
0,0,2026-03-01,0.21675057363319192,-0.24733177284739638,-0.1109024542072612,1,11,0
0,0,2026-03-01,0.21269689608653522,-0.23938493544114645,-0.07070754490314538,1,8,0
0,0,2026-02-28,0.38868067947196433,-0.20367378610537998,-0.031188992245973803,1,18,0
0,0,2026-02-28,-0.013954634003815757,-0.35077207726488097,-0.09892127931853438,1,6,0
0,0,2026-02-28,0.2348062352665293,-0.2599334285347761,-0.09882465694039948,1,11,0
0,0,2026-02-28,0.2929110598387075,-0.20511246885994902,-0.01901457260097718,1,8,0
0,0,2026-02-28,0.37266180139540267,-0.1878240672010787,-0.09365535971018266,1,18,0
0,0,2026-02-28,0.22707229265215997,-0.2331449083711041,0.015914417094786935,1,8,0
0,0,2026-02-28,0.21512594479229702,-0.3171133679636195,-0.02587476144855464,1,11,0
0,0,2026-02-28,0.27778703552862166,-0.2188255363713953,0.13427683031003187,1,8,0
0,0,2026-02-28,0.23289152274827776,-0.2231497982686167,0.008667738734669899,1,8,0
0,0,2026-02-28,0.21529897695452913,-0.23079663919519103,0.09316400841363455,1,8,0
0,0,2026-02-28,0.2045797611706378,-0.22528245524180482,0.02591483323174845,1,8,0
0,0,2026-02-28,0.17622546325621474,-0.2470265023504114,-0.08384818832949094,1,11,0
0,0,2026-02-28,0.19188040821198823,-0.26984262575988616,-0.01780679287429101,1,11,0
0,0,2026-02-27,0.3894897535897483,-0.20740939850343054,-0.11032271993845184,1,18,0
0,0,2026-02-27,-0.19983618109917795,-0.02873645797242539,-0.04085123005946319,1,1,0
0,0,2026-02-27,0.25673555501345724,-0.2162426685304434,-0.09727869889024118,1,8,0
0,0,2026-02-27,0.22780807701515454,-0.2356997115232262,-0.037759313959146584,1,8,0
0,0,2026-02-27,0.35451504601700423,-0.18751935004361453,-0.07800253445232987,1,18,0
0,0,2026-02-27,0.3771962809427314,-0.2017117306232565,-0.06239802038354451,1,18,0
0,0,2026-02-27,0.3414572154289601,-0.18656724293845428,0.061810046708861505,1,18,0
0,0,2026-02-27,0.03228685926273865,-0.20908411514742076,-0.06655278264334494,1,24,0
0,0,2026-02-27,0.287043814348576,-0.2173234097823732,-0.0860705030265935,1,8,0
0,0,2026-02-27,0.26876379415881646,-0.2312873994747275,-0.10124021639377183,1,8,0
0,0,2026-02-27,0.1937028310189236,-0.24739711878645324,-0.0054874396620920455,1,11,0
0,0,2026-02-27,0.2599267818202727,-0.27313767787725585,-0.10355915346900928,1,11,0
0,0,2026-02-27,0.21307330142684833,-0.23203108779093545,-0.10133683877190672,1,8,0
0,0,2026-02-27,0.046541363081717246,-0.214441427346607,-0.05481316369995534,1,24,0
0,0,2026-02-27,-0.04980035025030812,-0.23837144033077212,-0.11331801366063356,1,6,0
0,0,2026-02-27,0.013765878384000934,-0.2523572888363102,-0.0891624191269101,1,6,0
0,0,2026-02-27,0.016123051285226474,-0.25313524961909933,-0.1109024542072612,1,6,0
0,0,2026-02-27,0.012681849856569026,-0.2519664927996122,-0.0891624191269101,1,6,0
0,0,2026-02-27,0.051814219234171496,-0.2683544035555148,-0.10940480734617035,1,6,0
0,0,2026-02-27,0.15987014337580763,-0.26527469250450475,-0.10365577584714417,1,6,0
0,0,2026-02-27,0.12846539213092098,-0.24800684896510644,-0.11331801366063356,1,6,0
0,0,2026-02-27,-0.006154147355656674,-0.22136249432396538,-0.05355707278420172,1,24,0
0,0,2026-02-26,0.8964914865636936,-0.48548925830739426,0.10698100848692436,1,33,0
0,0,2026-02-26,0.9075843976165796,-0.5487908153363464,-0.10365577584714417,1,33,0
0,0,2026-02-26,0.24391473783660086,-0.22670481448050464,-0.10336590871273948,1,8,0
0,0,2026-02-26,0.23065736351907803,-0.23291164117928773,-0.06674602739961473,1,8,0
0,0,2026-02-26,0.2483729818994464,-0.2724412136307924,-0.11162712204327291,1,11,0
0,0,2026-02-26,0.21359652193511602,-0.23681726714516166,-0.08722997156421222,1,8,0
0,0,2026-02-26,0.2569150677810159,-0.21638916516862494,-0.0891624191269101,1,8,0
0,0,2026-02-26,0.0009283883770761387,-0.2114239977712189,-0.08148094006518604,1,24,0
0,0,2026-02-26,0.27361034430993897,-0.22481183997920456,-0.08283365335907455,1,8,0
0,0,2026-02-26,0.2730725718969827,-0.24137177015869427,-0.08433130022016541,1,8,0
0,0,2026-02-26,0.20597079364678944,-0.23109924674573132,0.037316273851665915,1,8,0
0,0,2026-02-26,0.2698034599970549,-0.22417728059165143,-0.04756648533983831,1,8,0
0,0,2026-02-26,0.2971575059365464,-0.20935953989399259,0.007459959007983727,1,8,0
0,0,2026-02-26,0.19479275100574392,-0.24742565035550412,-0.065586558861996,1,11,0
0,0,2026-02-26,0.2139570203350809,-0.22865917508491437,0.012339389103795865,1,8,0
0,0,2026-02-25,0.27711018343388755,-0.2740647221604874,-0.10206150660791842,1,11,0
0,0,2026-02-25,0.00188086061636914,-0.1507399441788605,-0.10848689475388887,1,0,0
0,0,2026-02-25,0.3126531635048408,-0.27645920210314684,-0.10365577584714417,1,11,0
0,0,2026-02-25,-0.038017433830457956,-0.16059169265739012,-0.11138556609793568,1,0,0
0,0,2026-02-25,0.3079052952984708,-0.249947910227048,-0.051962803544975976,1,11,0
0,0,2026-02-25,0.32711098158730706,-0.18582628673613144,-0.0725916812767758,1,18,0
0,0,2026-02-25,0.6692141244169102,-0.1353198761207463,-0.11148218847607057,1,26,0
0,0,2026-02-25,0.21071671178010215,-0.2569361733724862,-0.09375198208831756,1,11,0
0,0,2026-02-25,0.33613168962957546,-0.1856322201910049,-0.04408807972698213,1,18,0
0,0,2026-02-25,0.273428003641874,-0.2246003951147469,-0.0891624191269101,1,8,0
0,0,2026-02-25,0.11063690634988517,-0.12107947604579841,-0.08423467784203051,1,12,0
0,0,2026-02-25,0.13198861563547326,-0.09773140141700776,-0.06998287706713367,1,12,0
0,0,2026-02-25,0.220050851353283,-0.23294046670995916,-0.10747235978347247,1,8,0
0,0,2026-02-25,0.10719364291044182,-0.12180094432186675,-0.08892086318157286,1,12,0
0,0,2026-02-25,0.21664346690151415,-0.23766631476453762,-0.09399353803365479,1,8,0
0,0,2026-02-25,0.2704626553880026,-0.2334538274505557,-0.0008978767006845888,1,8,0
0,0,2026-02-25,0.2029105339821741,-0.22532568489188198,-0.04075460768132829,1,8,0
0,0,2026-02-25,0.12428965650695142,-0.058364234114913184,-0.08819619534556115,1,13,0
0,0,2026-02-25,0.18706686790781768,-0.2493208382148882,-0.09578105202915033,1,11,0
0,0,2026-02-25,0.11389712214613662,-0.05727916989797553,-0.10201319541885098,1,13,0
0,0,2026-02-25,0.21593719875005454,-0.23306859939278785,-0.04645532799128703,1,8,0
0,0,2026-02-25,0.20754186912184547,-0.22453603481171203,-0.07157714630635942,1,8,0
0,0,2026-02-25,0.11939974521473101,-0.2044865035268314,-0.10848689475388887,1,8,0
0,0,2026-02-25,0.21307495103547705,-0.22541983906975024,-0.07664982115844135,1,8,0
0,0,2026-02-24,0.37013630949945564,-0.20468535991718642,-0.1109024542072612,1,18,0
0,0,2026-02-24,-0.03841807663469424,-0.3179207076166011,-0.08143262887611859,1,6,0
0,0,2026-02-24,0.3067322468196829,-0.37835650197449633,-0.11138556609793568,1,6,0
0,0,2026-02-24,0.2523333387293937,-0.27400707801588836,-0.10177163947351374,1,11,0
0,0,2026-02-24,-0.0019819925607031702,-0.24200811060783053,-0.07321972673465262,1,6,0
0,0,2026-02-24,0.21405523096308235,-0.23108964976341434,-0.07998329320409518,1,8,0
0,0,2026-02-24,0.29125131789985875,-0.20251147914968456,-0.0883411289127635,1,8,0
0,0,2026-02-24,0.22783888934775498,-0.2332103407694611,0.007315025440781386,1,8,0
0,0,2026-02-24,0.2926243814248769,-0.22138218975254045,-0.10365577584714417,1,8,0
0,0,2026-02-24,0.3678484790752291,-0.14836058423861204,-0.04085123005946319,1,26,0
0,0,2026-02-24,0.207329128523337,-0.22635840664850612,-0.04273536643309361,1,8,0
0,0,2026-02-24,0.11686641767779775,-0.05825270161771401,-0.10689262551466311,1,13,0
0,0,2026-02-24,0.11035234886143397,-0.12232483580522206,0.01335392407421225,1,12,0
0,0,2026-02-23,0.2156098928322827,-0.2631612429836018,-0.0695963875545941,1,11,0
0,0,2026-02-23,0.02466024725550398,-0.25506602412642676,-0.11259334582462185,1,6,0
0,0,2026-02-23,0.031878168724978,-0.5162564400661526,-0.046938439881961495,1,28,0
0,0,2026-02-23,0.18716537310878864,-0.11940851173543476,-0.09911452407480416,1,12,0
0,0,2026-02-23,0.18834590374099952,-0.11940275354604452,-0.10148177233910906,1,12,0
0,0,2026-02-23,0.22920824125335829,-0.23288483879623972,-0.01761354811802122,1,8,0
0,0,2026-02-23,0.11171374729686319,-0.12089326000512597,-0.06974132112179644,1,12,0
0,0,2026-02-23,0.11344636658834398,-0.12260008763319354,-0.02635787333922911,1,12,0
0,0,2026-02-23,0.20497254476805024,-0.22771773705739326,-0.10138514996097417,1,8,0
0,0,2026-02-23,0.209778974080739,-0.2267748465136298,0.0043680429076671246,1,8,0
0,0,2026-02-23,0.21022578236074146,-0.2352492931531419,-0.1039939541706163,1,8,0
0,0,2026-02-23,0.22580374361668906,-0.22033938684151846,-0.0562141881829113,1,8,0
0,0,2026-02-23,0.22091448038500183,-0.25048342184034417,0.012242766725660971,1,11,0
0,0,2026-02-23,-0.2929935747713745,-0.016871845339443636,0.35781270212510874,1,1,0
0,0,2026-02-22,-0.0124714060796976,-0.028573145000363762,-0.1038007094143465,1,13,0
0,0,2026-02-22,-0.003845048763039008,-0.1115210372846706,-0.03732451325753956,1,12,0
0,0,2026-02-22,0.32128633134855245,-0.23286014602011582,0.05828332990693788,1,18,0
0,0,2026-02-22,-8.453023553994086e-05,-0.1504469509024974,-0.03312143980867168,1,0,0
0,0,2026-02-22,0.0016942780975442346,-0.2319131227218048,-0.1103710311275193,1,6,0
0,0,2026-02-22,0.3346775007087817,-0.3080608371514153,-0.11196530036674504,1,11,0
0,0,2026-02-22,0.21255049332073803,-0.23874549974906462,0.024079008047185466,1,8,0
0,0,2026-02-22,0.29389593510463574,-0.20766734117951108,0.05388701170180021,1,8,0
0,0,2026-02-22,0.36011982699139067,-0.15543470146910354,-0.0640406008118377,1,26,0
0,0,2026-02-22,0.20843542676725624,-0.2244755997609041,-0.10573315697704438,1,8,0
0,0,2026-02-21,-0.17682676242823014,-0.01384624363100501,-0.10124021639377183,1,1,0
0,0,2026-02-21,0.012109070391927658,-0.14057156272211968,-0.11066089826192398,1,0,0
0,0,2026-02-21,0.2646745321974548,-0.27045662685504857,-0.10921156258990057,1,11,0
0,0,2026-02-21,0.3411761339015484,-0.1875067269857919,-0.07664982115844135,1,18,0
0,0,2026-02-21,0.016869793762683067,-0.25483901658794156,0.010406941541097989,1,6,0
0,0,2026-02-21,0.196331718027134,-0.23349608875647138,0.261528502313687,1,8,0
0,0,2026-02-21,0.20863997823721525,-0.22483672296578908,-0.08090120579637668,1,8,0
0,0,2026-02-21,0.2263012773620241,-0.2202779142791086,-0.04225225454241915,1,8,0
0,0,2026-02-20,0.40276409531030943,-0.18309697413257772,-0.1000807478561531,1,18,0
0,0,2026-02-20,0.3740806415598668,-0.18811081811597066,-0.10196488422978353,1,18,0
0,0,2026-02-20,0.23033262627759932,-0.23358553954841108,-0.09829323386065757,1,8,0
0,0,2026-02-20,0.21988860056173173,-0.23983881218323683,-0.08611881421566094,1,8,0
0,0,2026-02-20,0.017191467445279673,-0.2537732846705185,-0.050271911927615334,1,6,0
0,0,2026-02-20,0.27686767329109035,-0.21907045827687252,-0.10515342270823502,1,8,0
0,0,2026-02-20,0.20204319333104084,-0.22802034460793358,-0.10640951362398865,1,8,0
0,0,2026-02-20,0.2401805541325672,-0.23076494321575458,-0.04128603076107021,1,8,0
0,0,2026-02-20,0.3425505524622253,-0.18617442375413285,-0.0028786354524499122,1,18,0
0,0,2026-02-20,0.2891385816486504,-0.20315848867645997,-0.046793506314759155,1,8,0
0,0,2026-02-20,0.20909621285223848,-0.2250292332435126,-0.11056427588378907,1,8,0
0,0,2026-02-20,0.21808168996736554,-0.24907875217445602,-0.10452537725035821,1,11,0
0,0,2026-02-20,0.216035409378056,-0.24123419612028849,0.07161721808955322,1,8,0
0,0,2026-02-20,0.3813988356681284,-0.1569546386739577,-0.10863182832109121,1,26,0
0,0,2026-02-19,0.21538078575959382,-0.26224381297454774,0.3246229152357727,1,11,0
0,0,2026-02-19,0.0001041732086646004,-0.15181720976692425,-0.05051346787295257,1,0,0
0,0,2026-02-19,0.3805544127940152,-0.20134284337321784,-0.1056365345989095,1,18,0
0,0,2026-02-19,0.3302315108814637,-0.3540395748032917,-0.09785843315905055,1,11,0
0,0,2026-02-19,0.21537067601528354,-0.2384641784782224,-0.07906538061181369,1,8,0
0,0,2026-02-19,0.023968707752515004,-0.2581241587403275,-0.10428382130502098,1,6,0
0,0,2026-02-19,0.022417486495597595,-0.25906066858773974,-0.10075710450309736,1,6,0
0,0,2026-02-19,-0.032988743320889045,-0.2553862520823388,-0.05510303083436002,1,6,0
0,0,2026-02-19,0.02337484864618282,-0.18339389266116798,-0.09486313943686883,1,0,0
0,0,2026-02-19,0.20731275026623766,-0.22705487089496978,-0.051528002843368954,1,8,0
0,0,2026-02-19,0.1421466699126371,-0.09550225586484741,-0.10177163947351374,1,12,0
0,0,2026-02-19,0.20829467980247168,-0.22846704522811132,-0.08288196454814199,1,8,0
0,0,2026-02-19,0.1560406753316508,-0.09045879092522166,-0.08558739113591902,1,12,0
0,0,2026-02-18,0.31558468889036434,-0.250422905517794,-0.11157881085420547,1,11,0
0,0,2026-02-18,-0.0009765561015100732,-0.11033704633649664,-0.09906621288573672,1,12,0
0,0,2026-02-18,0.12124966346263143,-0.054797494021924166,-0.08573232470312137,1,13,0
0,0,2026-02-18,0.3345483010043982,-0.27276258284946603,-0.10534666746450481,1,11,0
0,0,2026-02-18,0.2461309281146667,-0.21011327478087868,-0.07911369180088114,1,8,0
0,0,2026-02-18,0.022417486495597595,-0.25906066858773974,-0.1070858702709329,1,6,0
0,0,2026-02-18,-0.023795120945576433,-0.1533798405741945,-0.09085331074427073,1,0,0
0,0,2026-02-18,0.0065871351194584345,-0.24285138274595625,-0.09032188766452882,1,6,0
0,0,2026-02-18,0.13861061598782917,-0.31411886739463263,-0.10481524438476289,1,6,0
0,0,2026-02-18,0.009855893531822998,-0.2317154248860716,-0.10520173389730247,1,6,0
0,0,2026-02-18,0.3860471971254314,-0.15690449227986822,-0.03843567060609084,1,26,0
0,0,2026-02-18,0.12682887550327268,-0.09874926946586528,-0.07578021975522731,1,12,0
0,0,2026-02-18,0.019941129370948354,-0.22091060614577845,-0.08650530372820052,1,24,0
0,0,2026-02-18,0.026906837464012665,-0.21132529583416268,-0.07036936657967324,1,24,0
0,0,2026-02-18,-0.029510838100242954,-0.2658328353583722,0.0006963925385411593,1,6,0
0,0,2026-02-18,0.3426624901906014,-0.20224202009482356,-0.07360621624719219,1,18,0
0,0,2026-02-18,0.1599487160022305,-0.08897744915195653,-0.10148177233910906,1,12,0
0,0,2026-02-18,0.290316873526294,-0.20471475607923892,-0.034135974779088064,1,8,0
0,0,2026-02-18,-0.004820674437727642,-0.2195367678663254,-0.06186659730380259,1,24,0
0,0,2026-02-18,0.3424169930778947,-0.2017117306232565,-0.010415180946971631,1,18,0
0,0,2026-02-18,0.5185225529288785,-0.18292528325433116,-0.07466906240667602,1,26,0
0,0,2026-02-18,0.13201335976490366,-0.05382598544980959,-0.10012905904522054,1,13,0
0,0,2026-02-18,0.17259897542979788,-0.034410875217601715,-0.11008116399311461,1,10,0
0,0,2026-02-17,0.343274548014984,-0.3622436009605249,0.48545086364130347,1,11,0
0,0,2026-02-17,0.2771593005308072,-0.4068098080669429,0.045963976694738916,1,20,0
0,0,2026-02-17,0.3434545615565911,-0.3590782291474567,0.04031156757384763,1,11,0
0,0,2026-02-17,-0.17726862188234643,-0.01695397648703238,-0.07466906240667602,1,1,0
0,0,2026-02-17,0.31399726461550626,-0.3298549856952752,-0.033169750997739125,1,11,0
0,0,2026-02-17,0.25507304998015534,-0.37890317721262845,0.44226066061500596,1,6,0
0,0,2026-02-17,0.18716537310878864,-0.11940851173543476,-0.10442875487222332,1,12,0
0,0,2026-02-17,0.33690849622428987,-0.34830444064998894,13.548264964399205,1,11,0
0,0,2026-02-17,-0.22060312238941576,-0.29813114353877335,-0.093800293277385,1,6,0
0,0,2026-02-17,-0.02321875947362724,-0.14699366270317107,-0.09858310099506225,1,0,0
0,0,2026-02-17,-0.0009765561015100732,-0.11033704633649664,-0.09906621288573672,1,12,0
0,0,2026-02-17,0.009115572745099675,-0.21212518269547112,-0.08950059745038222,1,24,0
0,0,2026-02-17,0.02114887854553274,-0.21856207759196483,-0.04635870561315213,1,24,0
0,0,2026-02-17,0.1353878698732868,-0.09620833438548806,-0.08230223027933263,1,12,0
0,0,2026-02-16,0.12408092210082686,-0.05506154072459567,-0.08563570232498648,1,13,0
0,0,2026-02-16,0.051642070790847906,-0.2641192120293125,-0.11331801366063356,1,6,0
0,0,2026-02-16,0.031469059304454934,-0.3214876476034919,-0.07225350295330368,1,6,0
0,0,2026-02-16,0.12505142220584772,-0.32405003219872586,-0.1032692863346046,1,6,0
0,0,2026-02-15,-0.19401018171622333,-0.016550498600187948,-0.09882465694039948,1,1,0
0,0,2026-02-15,-0.09940316500425887,-0.016622548593378583,-0.11331801366063356,1,1,0
0,0,2026-02-14,0.18790204119069126,-0.11876653413992842,-0.09708545413397139,1,12,0
0,0,2026-02-13,-0.23538132333572642,-0.008769161586293421,0.2785823520544958,1,1,0
0,0,2026-02-13,-0.019197491434211,-0.25795447181574,-0.09996480100239122,1,6,0
0,0,2026-02-13,0.10922831732475619,-0.12167502499712185,-0.043073544756565746,1,12,0
0,0,2026-02-13,0.10771061847175786,-0.12230029865583827,-0.06703589453401941,1,12,0
0,0,2026-02-13,0.12162477268187905,-0.10055051064970168,-0.11220685631208227,1,12,0
0,0,2026-02-13,0.27102316883419775,-0.22403168313019142,-0.1016267059063114,1,8,0
0,0,2026-02-13,0.15756267495000256,-0.08957979380427215,-0.09181953452561968,1,12,0
2,2,2026-02-13,-5.769638253193685,2.7910999942701347,-0.13475996870443852,0,35,0
0,0,2026-02-12,0.2693694597497627,-0.24470698607935754,-0.09892127931853438,1,11,0
0,0,2026-02-12,-0.0490639437492024,-0.07973783770607808,-0.10486355557383034,1,1,0
0,0,2026-02-12,-0.012771022138344822,-0.2549754493635852,-0.11331801366063356,1,6,0
0,0,2026-02-12,-0.013541035880384723,-0.25392445011090836,-0.11331801366063356,1,6,0
0,0,2026-02-12,0.22091448038500183,-0.25171432560478213,-0.0891624191269101,1,11,0
0,0,2026-02-12,0.13155719290166312,-0.3243000472486566,-0.07085247847034772,1,6,0
0,0,2026-02-12,0.29280306938812123,-0.20625200243598377,-0.044136390916049574,1,8,0
0,0,2026-02-12,0.24051047585830743,-0.22718379900335983,-0.11244841225741951,1,8,0
0,0,2026-02-12,0.11155161433449981,-0.12019221341575413,-0.026937607608038476,1,12,0
0,0,2026-02-12,0.11100376752598917,-0.12250579512044536,-0.10273786325486269,1,12,0
0,0,2026-02-12,0.13849726430919973,-0.09521405243371282,-0.019304439735381863,1,12,0
0,0,2026-02-12,0.4037569240464118,-0.18496226436596847,-0.07664982115844135,1,18,0
0,0,2026-02-12,0.21506985809892132,-0.24275684814716753,-0.05780845742213705,1,8,0
0,0,2026-02-12,0.2698145948552986,-0.23393799953142036,-0.11022609756031695,1,8,0
0,0,2026-02-11,-0.19199727035288885,-0.02624354757491202,-0.07872720228834157,1,1,0
0,0,2026-02-11,0.33888868053072296,-0.35408280445336887,-0.041672520273609785,1,11,0
0,0,2026-02-11,-0.013051455605224008,-0.2530906366202195,-0.11331801366063356,1,6,0
0,0,2026-02-11,-0.2809910341718666,-0.012760700429544681,-0.011864516618995038,1,1,0
0,0,2026-02-11,0.16050840464411129,-0.08900338694200273,-0.0780508456413973,1,12,0
0,0,2026-02-11,0.27355355064143677,-0.23144983920785756,0.01634921779639396,1,8,0
0,0,2026-02-11,0.29180741275151256,-0.2039271118548324,-0.11235178987928461,1,8,0
0,0,2026-02-11,0.25958519500494354,-0.2147973457016226,-0.0976168772137133,1,8,0
0,0,2026-02-11,0.32247440304878006,-0.23228086870908138,-0.09969425834361352,1,18,0
0,0,2026-02-11,0.3246346244626576,-0.2161850174691003,-0.09418678278992458,1,18,0
0,0,2026-02-11,0.2713463742962352,-0.23412820999175993,-0.07206025819703389,1,8,0
0,0,2026-02-10,0.23835747737364005,-0.2607163659148823,-0.09500807300407117,1,11,0
0,0,2026-02-10,0.12274903987693261,-0.05431736823630685,-0.0780508456413973,1,13,0
0,0,2026-02-10,0.24624816815649217,-0.40910851877200755,0.025141854206669298,1,20,0
0,0,2026-02-10,0.17565923509441322,-0.11952929537775044,-0.10621626886771886,1,12,0
0,0,2026-02-10,0.23204050143964972,-0.27399267389648263,-0.11268996820275674,1,11,0
0,0,2026-02-10,0.2922364877387565,-0.2082317301990589,-0.07162545749542687,1,8,0
0,0,2026-02-10,0.1337088039476449,-0.09639470605290089,-0.10153008352817651,1,12,0
0,0,2026-02-10,0.13472537526508166,-0.09719829337225569,-0.10694093670373056,1,12,0
0,0,2026-02-10,0.02111547397080154,-0.22257321848774714,-0.0022505899945731026,1,24,0
0,0,2026-02-09,0.2400232521669021,-0.3971994418501425,-0.008289488628003966,1,20,0
0,0,2026-02-09,0.18670966872511024,-0.12184697525326896,-0.08636037016099818,1,12,0
0,0,2026-02-09,0.2036796640053059,-0.22840460432153972,-0.10409057654875119,1,8,0
0,0,2026-02-09,0.2125083693861123,-0.2649768882868439,-0.1101777863712495,1,11,0
0,0,2026-02-09,-0.005728960731609014,-0.2214359847290966,-0.08766477226581924,1,24,0
0,0,2026-02-09,0.029849798172208813,-0.20930406760701353,-0.040657985303193395,1,24,0
0,0,2026-02-09,0.04033736177295549,-0.23532364815127466,-0.039160338442102545,1,6,0
0,0,2026-02-09,0.21467707450150886,-0.22921635339882937,-0.11003285280404716,1,8,0
0,0,2026-02-08,0.08324975040863176,-0.15997379743534873,-0.10061217093589502,1,0,0
0,0,2026-02-08,-0.005372527438621985,-0.22058897754920404,-0.06940314279832431,1,24,0
0,0,2026-02-08,0.15885549679815317,-0.0909247028018936,-0.10075710450309736,1,12,0
0,0,2026-02-08,0.03350886576904252,-0.20932191280656556,-0.06379904486650047,1,24,0
0,0,2026-02-08,0.020242536433249386,-0.21975205152370958,-0.049160754579064055,1,24,0
0,0,2026-02-08,0.047958907125116114,-0.21502070465764145,-0.05877468120348599,1,24,0
0,0,2026-02-08,0.22192685109189508,-0.2602600527497135,-0.09785843315905055,1,11,0
0,0,2026-02-07,0.19376239956479785,-0.27014042963171003,-0.09529794013847585,1,11,0
0,0,2026-02-07,-0.28100740064604707,-0.006843040318499961,0.06867023555643896,1,1,0
0,0,2026-02-07,-0.029574524776229533,-0.3354360995220969,-0.10824533880855162,1,6,0
0,0,2026-02-07,-0.07497387516345407,-0.24645291406132727,-0.10462199962849311,1,6,0
0,0,2026-02-07,0.011300891775970922,-0.25695308481159645,-0.007178331279452687,1,6,0
0,0,2026-02-07,0.05890034875713105,-0.21596311102932406,-0.08167418482145583,1,24,0
0,0,2026-02-07,0.2288630606478026,-0.26641730022741583,-0.09785843315905055,1,11,0
0,0,2026-02-07,0.02217004520129243,-0.22196338646003838,0.006783602361039471,1,24,0
0,0,2026-02-07,0.3308072832074743,-0.30834105174321563,-0.01669563552573973,1,11,0
0,0,2026-02-07,0.002224509442483782,-0.21105741033856443,-0.05824325812374408,1,24,0
0,0,2026-02-07,0.0352841392264939,-0.20883908949078334,-0.06916158685298708,1,24,0
0,0,2026-02-07,0.1088668173766953,-0.12200981269917971,-0.01587434531159313,1,12,0
0,0,2026-02-07,0.0009323356548661156,-0.21092253383032353,-0.03263832791799721,1,24,0
0,0,2026-02-07,0.0034549407357128865,-0.10795483323934289,-0.10930818496803546,1,12,0
0,0,2026-02-06,-0.12624203581242333,-0.2606731364377236,-0.10607133530051652,1,6,0
0,0,2026-02-06,0.11313612233696053,-0.12129738806590754,-0.03862891536236063,1,12,0
0,0,2026-02-06,0.01932152458708957,-0.1836310851052115,-0.10897000664456333,1,0,0
0,0,2026-02-06,-0.027086502561991563,-0.14768331395678258,-0.05408849586394364,1,0,0
0,0,2026-02-06,0.2562446197026371,-0.25298306395896747,-0.11331801366063356,1,11,0
0,0,2026-02-06,0.036291460952691285,-0.2096232061757434,-0.054474985376483216,1,24,0
0,0,2026-02-06,0.004710705304311411,-0.2128713264558034,-0.10819702761948419,1,24,0
0,0,2026-02-06,0.02221423114670406,-0.14625097731484507,-0.04751817415077086,1,0,0
0,0,2026-02-06,-0.004197181290672613,-0.10686012016450805,-0.11191698917767759,1,12,0
0,0,2026-02-06,0.05708053586670459,-0.21626187978693762,-0.08225391909026519,1,24,0
0,0,2026-02-06,0.022479346819173834,-0.2198508917956462,-0.006067173930901408,1,24,0
0,0,2026-02-06,0.015466271392628128,-0.2541176347711734,0.043451794863231676,1,6,0
0,0,2026-02-06,0.10753434600686204,-0.12308334324547665,-0.02998121251928763,1,12,0
0,0,2026-02-06,-0.05534488751757424,-0.07384420117617425,0.11335808544382736,1,1,0
0,0,2026-02-05,0.14384865361529908,-0.09481058146361224,-0.09979088072174842,1,12,0
0,0,2026-02-05,0.15563811191165391,-0.09061152992487431,-0.07655319878030645,1,12,0
0,0,2026-02-05,0.1353878698732868,-0.09620833438548806,-0.08896917437064031,1,12,0
0,0,2026-02-05,0.15768050413776705,-0.09021381714416422,-0.09360704852111522,1,12,0
0,0,2026-02-05,0.16107787310857608,-0.09093431707607082,-0.06500682459318664,1,12,0
0,0,2026-02-05,0.1421466699126371,-0.09550225586484741,-0.10520173389730247,1,12,0
0,0,2026-02-05,-0.027086502561991563,-0.14768331395678258,-0.09123980025681032,1,0,0
0,0,2026-02-05,0.26528406258576004,-0.3269789274507556,-0.11124063253073334,1,11,0
0,0,2026-02-05,0.016658584943615426,-0.18507120308416292,-0.09867972337319714,1,0,0
0,0,2026-02-05,-0.03543470051509502,-0.25550584258631215,-0.04341172308003787,1,6,0
0,0,2026-02-05,-0.00046287975745126986,-0.10663145260745985,-0.09858310099506225,1,12,0
0,0,2026-02-04,0.37672873472568247,-0.44557246923421806,-0.09669896462143182,1,25,0
0,0,2026-02-04,0.11092193515508708,-0.12185792100066839,-0.00761313198105971,1,12,0
0,0,2026-02-03,-0.2061858664156915,-0.015157547627842665,0.009730584894153732,1,1,0
0,0,2026-02-03,-0.023976118360901133,-0.1560333664136046,-0.10848689475388887,1,0,0
0,0,2026-02-02,-0.061403251950259426,-0.08691876329760842,-0.10607133530051652,1,1,0
0,0,2026-02-02,0.14078967062993286,-0.3089933179954404,-0.10180062618695421,1,6,0
0,0,2026-02-02,0.13669706997853634,-0.09548783445358146,-0.06553824767292855,1,12,0
0,0,2026-02-02,0.15893732916905526,-0.08983917170473531,-0.10689262551466311,1,12,0
0,0,2026-02-02,0.9200648062699844,-0.5422893353426372,-0.09157797858028244,1,33,0
0,0,2026-02-02,0.027381041030170233,-0.1488568606214982,-0.07148052392822453,1,0,0
0,0,2026-02-02,-0.027292703640579095,-0.1475095307634724,-0.10409057654875119,1,0,0
0,0,2026-02-02,0.18726982868374173,-0.12147243356499998,-0.01495643271931164,1,12,0
0,0,2026-02-02,0.037337607396256946,-0.21064166214784194,-0.01766185930708867,1,24,0
0,0,2026-02-02,0.17666213822606952,-0.12141267289673327,-0.1039939541706163,1,12,0
0,0,2026-02-02,0.10751272435090746,-0.12128787754289048,-0.09495976181500372,1,12,0
0,0,2026-02-02,-0.03132440604371776,-0.26482701973595624,-0.007371576035722475,1,6,0
0,0,2026-02-02,-0.005846789919373497,-0.21882491386443428,-0.08901748555970776,1,24,0
0,0,2026-02-02,0.048652508638890986,-0.21417724230905513,-0.05635912175011364,1,24,0
0,0,2026-02-02,0.0244569329920165,-0.2202278543443193,0.011904588402188844,1,24,0
0,0,2026-02-02,-0.0433164716284334,-0.07383266750553377,-0.01640576839133505,1,1,0
0,0,2026-02-01,0.1403628538390726,-0.09500271132041531,-0.08742321632048201,1,12,0
0,0,2026-02-01,0.1550808387681225,-0.091228468907056,-0.06230139800540961,1,12,0
0,0,2026-02-01,-0.02988394422329861,-0.2661296847195223,-0.10592640173331418,1,6,0
0,0,2026-02-01,0.08362680380947761,-0.15960202244468483,-0.10191657304071608,1,0,0
0,0,2026-02-01,0.12682887550327268,-0.09874926946586528,-0.09790674434811798,1,12,0
0,0,2026-02-01,0.15909445439093917,-0.08952214274292905,-0.11230347869021717,1,12,0
0,0,2026-02-01,0.09913901637865297,-0.11508528734981506,-0.10215812898605332,1,12,0
0,0,2026-01-31,0.0002419155291610057,-0.15173635302941982,-0.10607133530051652,1,0,0
0,0,2026-01-31,0.10631481391350125,-0.12089868964917572,-0.1031726639564697,1,12,0
0,0,2026-01-31,0.014872294457108057,-0.2575002684304135,-0.044329635672319366,1,6,0
0,0,2026-01-30,-0.024045507969575594,-0.14690317439962966,-0.10868013951015865,1,0,0
0,0,2026-01-30,0.01832569120669909,-0.25658881448818593,-0.07046598895780815,1,6,0
0,0,2026-01-30,0.1398882967853518,-0.0957760378847163,-0.10080541569216481,1,12,0
0,0,2026-01-29,0.16065239191155914,-0.09012111548253855,-0.10901831783363078,1,12,0
0,0,2026-01-29,-0.2621448918665745,-0.000537089761276116,0.05577114807543064,1,1,0
0,0,2026-01-28,0.500192278590537,-0.6584583508474504,0.0026288401012390357,1,36,0
0,0,2026-01-28,-0.1984708825176336,-0.016581290215344886,-0.1007087933140299,1,1,0
0,0,2026-01-28,0.22585446908202164,0.06143579532662362,-0.10360746465807673,1,14,0
0,0,2026-01-28,-0.05568700456424805,-0.07753736205784903,0.18901340752344922,1,1,0
0,0,2026-01-27,0.1431678365683968,-0.09214474727823208,-0.08012822677129752,1,12,0
0,0,2026-01-27,0.0021984691919878863,-0.10797739911668323,-0.08819619534556115,1,12,0
0,0,2026-01-27,0.02515053450579138,-0.5183718051793098,-0.09713376532303884,1,28,0
0,0,2026-01-27,0.0012262346413230128,-0.23198786194506732,-0.10848689475388887,1,6,0
0,0,2026-01-27,0.001160773457768603,-0.23198786194506732,-0.11331801366063356,1,6,0
0,0,2026-01-27,-0.004943452451378082,-0.10860083983823633,-0.09665065343236437,1,12,0
0,0,2026-01-27,-0.004944866401631242,-0.10932796255253475,-0.09732701007930862,1,12,0
0,0,2026-01-27,-0.3023796711249002,-0.0205668218664215,-0.04785635247424299,1,1,0
0,0,2026-01-26,-0.0046161229677688315,-0.10908115583431399,-0.04490936994112873,1,12,0
0,0,2026-01-26,0.001761028332412906,-0.10735236754400712,-0.0033134361540569346,1,12,0
0,0,2026-01-24,-0.20565481026643762,-0.01460140682552962,-0.09220602403815925,1,1,0
0,0,2026-01-23,0.17357760574877446,-0.45402158329878495,0.007459959007983727,1,20,0
0,0,2026-01-22,-0.1997707216830613,-0.2905976609568989,-0.04089954124853063,1,6,0
0,0,2026-01-22,-0.1997414935638904,-0.01523370097941854,-0.08539414637964923,1,1,0
0,0,2026-01-21,-0.29463958371838916,-0.0170116154440732,-0.10882507307736099,1,1,0
0,0,2026-01-21,-0.08865125162076305,-0.2450912492513357,-0.09679558699956671,1,6,0
0,0,2026-01-21,-0.05504047581098506,-0.07644373837019608,0.07572366916028621,1,1,0
0,0,2026-01-20,-0.05996312005156611,-0.07337827546601436,0.09408192100591604,1,1,0
0,0,2026-01-20,0.2931270996544734,-0.22197376157605675,-0.10969467448057503,1,8,0
0,0,2026-01-20,0.22374950955720582,-0.23405114017160228,-0.07959680369155561,1,8,0
0,0,2026-01-20,0.15354664382883695,-0.09085074551654151,0.00030990302600158396,1,12,0
0,0,2026-01-20,0.26961982320792444,-0.22919714214233491,-0.10003243666708565,1,8,0
0,0,2026-01-19,0.21820052070322601,-0.5909869482313524,0.049394071118527644,1,28,0
0,0,2026-01-19,0.2062783867414482,-0.15436679077731671,-0.07718124423818326,1,0,0
0,0,2026-01-19,0.10845046794173006,-0.12126653938761245,-0.08549076875778414,1,12,0
0,0,2026-01-19,0.11122929259137046,-0.12133975312298312,-0.11128894371980079,1,12,0
0,0,2026-01-19,0.45702343472769175,-0.7411460369511988,-0.10505680033010013,1,4,0
0,0,2026-01-19,0.2305238630493411,-0.23666936986631748,-0.1125450346355544,1,8,0
0,0,2026-01-19,-0.028275575810315357,-0.33012224176716837,-0.09882465694039948,1,6,0
0,0,2026-01-19,-0.15371914726878333,-0.27844532595232885,-0.1109024542072612,1,6,0
0,0,2026-01-19,-0.12184178963237934,-0.02112851335580445,-0.0953462513275433,1,1,0
0,0,2026-01-18,-0.19419020114928967,-0.026483712489694822,-0.10848689475388887,1,1,0
0,0,2026-01-18,0.19381476874729966,-0.28612517894180645,-0.053170583271662145,1,11,0
0,0,2026-01-18,0.2305238630493411,-0.23666936986631748,-0.0756835973770924,1,8,0
0,0,2026-01-18,-0.004079352102908339,-0.22041576498727491,-0.029111611116073584,1,24,0
0,0,2026-01-17,-0.037559207902161246,-0.041806221602700824,-0.11331801366063356,1,1,0
0,0,2026-01-17,0.21820052070322601,-0.5909869482313524,-0.0022022788055056555,1,28,0
0,0,2026-01-17,-0.05996314361740373,-0.0733821108005693,0.09519307835446732,1,1,0
0,0,2026-01-17,0.1073016333610277,-0.12142216612789034,-0.11196530036674504,1,12,0
0,0,2026-01-17,0.1592855144188989,-0.0891661206367533,-0.09824492267159012,1,12,0
0,0,2026-01-17,-0.26842029766312164,-0.000616338355797566,-0.08979046458478691,1,1,0
0,0,2026-01-16,0.21505347984182197,-0.2435397889856455,-0.09640909748702714,1,8,0
0,0,2026-01-16,0.22813611347389068,-0.23854472396224607,-0.09017695409732648,1,8,0
0,0,2026-01-16,-0.003236873410393391,-0.220094430352321,-0.019159506168179522,1,24,0
0,0,2026-01-16,0.022603067466326312,-0.21084366565672277,-0.08481441211083987,1,24,0
0,0,2026-01-16,0.021828340556775804,-0.2213898673383942,-0.0570354783970579,1,24,0
0,0,2026-01-16,-0.05832007450862379,-0.07303435420348835,-0.023121023671710168,1,1,0
0,0,2026-01-16,0.22788377048537437,-0.2718311896634369,0.5490283884540637,1,11,0
0,0,2026-01-15,0.20766871224247377,-0.08167533874695777,-0.11032271993845184,1,13,0
0,0,2026-01-15,0.030030017914894392,-0.21032682925225996,-0.08022484914943241,1,24,0
0,0,2026-01-15,0.248962127838268,-0.2679213116291814,-0.08075627222917434,1,11,0
0,0,2026-01-15,-0.0023708288803254212,-0.21794302900285953,0.007315025440781386,1,24,0
0,0,2026-01-15,-0.011751341308642915,-0.28293160289459796,-0.11331801366063356,1,6,0
0,0,2026-01-15,0.016815710165499105,-0.2212060029906859,-0.01775848168522356,1,24,0
0,0,2026-01-14,-0.22288096620083317,-0.2984261067038312,-0.1070858702709329,1,6,0
0,0,2026-01-13,0.20372161119615,-0.28042801252557353,-0.07486230716294581,1,11,0
0,0,2026-01-13,0.3797218906678663,-0.20192884721780427,-0.09660234224329692,1,18,0
0,0,2026-01-13,0.2901872614197531,-0.2069523227672344,-0.10220644017512076,1,8,0
0,0,2026-01-13,0.0020644384909058963,-0.24089278563583882,-0.003989792801001191,1,6,0
0,0,2026-01-13,0.2118622530350065,-0.2325642650031275,-0.11114401015259844,1,8,0
0,0,2026-01-13,0.27075116015424355,-0.21904076815319953,-0.05036853430575023,1,8,0
0,0,2026-01-12,0.13617337815351752,-0.0963668488663912,-0.11061258707285652,1,12,0
0,0,2026-01-12,0.20279335285494235,-0.2809407334673491,-0.08872761842530308,1,11,0
0,0,2026-01-12,0.25810431777312154,-0.21495485725464375,-0.09747194364651096,1,8,0
0,0,2026-01-12,0.26822684655017415,-0.22368594968073413,-0.07225350295330368,1,8,0
0,0,2026-01-12,-0.0415294152522054,-0.07128211815097958,-0.02587476144855464,1,1,0
0,0,2026-01-12,-0.04140174732726274,-0.06971720481818515,-0.00886922289681333,1,1,0
0,0,2026-01-11,-0.14496017084471216,-0.0054269856919676165,-0.07901706942274625,1,1,0
0,0,2026-01-10,-0.2087733953789964,-0.016581065421164318,-0.08138431768705115,1,1,0
0,0,2026-01-09,0.30427633305911045,-0.25093205914884514,-0.09940439120920884,1,11,0
0,0,2026-01-09,0.003138569366565682,-0.10765312486552413,-0.09665065343236437,1,12,0
0,0,2026-01-09,0.19132397754714953,-0.2915775272037223,-0.10423551011595353,1,11,0
0,0,2026-01-09,-0.20447056801481228,-0.014857620315607008,-0.11080583182912632,1,1,0
0,0,2026-01-09,-0.14496017084471216,-0.0054269856919676165,-0.06983794349993133,1,1,0
0,0,2026-01-08,0.2856793523542651,-0.5489221297214208,-0.0898870869629218,1,28,0
0,0,2026-01-08,-0.20435686284861962,-0.014148031547379862,-0.1016267059063114,1,1,0
3,3,2026-01-08,-2.789148948694718,4.296702247158561,,3,37,1
3,3,2026-01-07,-1.0507560270135359,3.528338446686559,,3,38,1
0,0,2026-01-05,0.8367537968903959,-0.708740399578935,-0.1103710311275193,1,39,0
0,0,2026-01-05,0.6014359477143559,-0.44973650475639365,-0.0914330450130801,1,30,0
0,0,2026-01-03,0.3409863699946537,-0.21766692987374647,-0.10365577584714417,1,18,0
0,0,2026-01-02,0.03274521480314195,-0.23375413518371208,-0.10491186676289779,1,6,0
0,0,2026-01-02,0.0017499193965903922,-0.2322712563370088,-0.0952496289494084,1,6,0
0,0,2026-01-02,-0.03922845335414891,-0.25260840503188764,-0.11148218847607057,1,6,0
3,3,2026-01-02,-1.125730739187985,-0.1004240898610159,,3,40,1
0,0,2026-01-01,-0.002102767478161441,-0.23560182230359134,-0.11331801366063356,1,6,0
3,3,2025-12-29,-2.7618714917272733,0.1470535525288841,,3,41,1
0,0,2025-12-23,0.2682566337688412,-0.25438082033921533,-0.10587809054424673,1,11,0
0,0,2025-12-21,0.2177046365665197,-0.25643663055724025,-0.09399353803365479,1,11,0
0,0,2025-12-19,0.29211704429112,-0.30919121295837754,-0.10237552933685683,1,11,0
0,0,2025-12-18,-0.23515703312023337,-0.30696438226751954,-0.11252087904102068,1,6,0
0,0,2025-12-18,0.5011225989425304,-0.3847382012537715,-0.04085123005946319,1,25,0
0,0,2025-12-18,0.5275279431767372,-0.38464309602360175,0.44226066061500596,1,25,0
0,0,2025-12-18,0.5369501541763128,-0.3836341505745202,-0.10925987377896801,1,25,0
0,0,2025-12-18,0.5863300690991861,-0.4240854829168307,-0.1101777863712495,1,30,0
0,0,2025-12-16,0.2938252375919769,-0.20742381991469624,-0.09602260797448756,1,8,0
0,0,2025-12-15,0.2916788021930681,-0.2025351171223468,-0.10969467448057503,1,8,0
0,0,2025-12-12,0.10565237821989026,-0.1200518899716035,-0.09979088072174842,1,12,0
0,0,2025-12-12,0.2938281833216711,-0.21011846233888787,-0.10360746465807673,1,8,0
0,0,2025-12-11,-0.03351701104241445,-0.3185816543825613,-0.098341545049725,1,6,0
0,0,2025-12-11,0.047572368474655326,-0.21531563462232803,-0.08795463940022392,1,24,0
0,0,2025-12-11,-0.2069905808535281,-0.016453486077856707,-0.11008116399311461,1,1,0
0,0,2025-12-10,0.19625972439340966,-0.28800791666196857,-0.11114401015259844,1,11,0
0,0,2025-12-10,-0.20760824145578888,-0.01669408501832632,-0.10969467448057503,1,1,0
0,0,2025-12-10,-0.0029570290894530044,-0.21826436363781318,0.010020452028558413,1,24,0
0,0,2025-12-09,-0.2079252608854688,-0.016462408677632472,-0.11235178987928461,1,1,0
0,0,2025-12-09,0.005273339675886181,-0.23236962782661988,-0.05891961477068833,1,6,0
0,0,2025-12-08,-0.0036080353518510326,-0.21763177552230376,-0.001332677402291611,1,24,0
3,3,2025-12-07,-1.9147385462955548,1.8945170516691823,,3,42,1
0,0,2025-12-06,-0.20877156902658606,-0.015208437571913324,-0.07616670926776688,1,1,0
0,0,2025-12-05,-0.20872237534069454,-0.01520995925559613,-0.0922543352272267,1,1,0
0,0,2025-12-04,0.21479655329790165,-0.5375346617573874,-0.06017570568644195,1,28,0
0,0,2025-12-03,0.77315437341731,-0.40584213828775506,-0.09399353803365479,1,31,0
3,3,2025-12-03,-2.73842348336217,4.291774067049762,,3,37,1
0,0,2025-12-02,0.7708858080652833,-0.4091997160418104,-0.11138556609793568,1,31,0
3,3,2025-12-02,-1.695723543538589,0.06858655008077214,,3,43,1
0,0,2025-12-01,0.7921955701600272,-0.4154420083455167,-0.11235178987928461,1,30,0
3,3,2025-11-30,-2.0721583411487123,3.8975542420658367,,3,44,1
3,3,2025-11-29,-1.10843341442418,3.012574137545602,,3,45,1
3,3,2025-11-23,-1.0357858287080766,2.09365184097076,,3,46,1
0,0,2025-11-20,0.05058357172438274,-0.3290576395269614,-0.1094531185352378,1,6,0
0,0,2025-11-18,0.7620535088942498,-0.6540185793252227,-0.053025649704459804,1,39,0
0,0,2025-11-18,0.4867911526639417,-0.5377483718555088,-0.11322139128249865,1,32,0
0,0,2025-11-18,0.07922260799505992,-0.10056972536456793,-0.06853354139511027,1,12,0
0,0,2025-11-17,-0.07385714903641744,-0.2316516352144178,-0.10843858356482142,1,24,0
0,0,2025-11-17,0.28592773628207235,0.05636639259695167,-0.10950142972430525,1,14,0
0,0,2025-11-17,-0.14360288818281156,-0.2718728326124378,-0.10993623042591227,1,6,0
0,0,2025-11-17,0.3217821565706646,-0.23330050052766202,-0.07853395753207178,1,18,0
0,0,2025-11-17,0.3492314674084637,0.04310161482761998,-0.09882465694039948,1,29,0
0,0,2025-11-16,0.3696748314855763,-0.14794557959787097,-0.11331801366063356,1,26,0
0,0,2025-11-14,0.09700389258176943,-0.2649303731833608,-0.07950018131342071,1,6,0
0,0,2025-11-13,0.3807704526097811,-0.664584268933149,-0.0891624191269101,1,4,0
0,0,2025-11-13,0.2175383206679904,-0.5380600576325655,-0.0921577128490918,1,28,0
3,3,2025-11-13,-3.906935538421124,0.1693427601086841,,3,47,1
0,0,2025-11-12,0.15429385762304426,-0.5072534850166568,-0.08848606247996584,1,28,0
0,0,2025-11-12,0.06292421551928327,-0.1543245467632613,-0.0061154851199688555,1,0,0
0,0,2025-11-08,0.5786724091009756,-0.5267995637967386,-0.07466906240667602,1,32,0
0,0,2025-11-07,-0.6670943529156682,-1.2968254059793285,-0.03602011115271849,1,48,0
0,0,2025-11-07,0.0006534534092441,-0.2467724022714669,-0.11283490176995908,1,6,0
0,0,2025-11-07,0.440092440908646,-0.4219198849502838,0.128237931676601,1,25,0
0,0,2025-11-05,0.3834166605085927,0.004854806157971822,0.013595480019549485,1,29,0
0,0,2025-11-04,0.703918808731514,-0.13899188041167315,-0.10665106956932588,1,5,0
0,0,2025-11-04,0.6506267467908676,-0.3488695576568439,-0.0891624191269101,1,17,0
0,0,2025-11-04,0.24649095519788047,-0.5416754743115412,-0.06587642599640069,1,28,0
0,0,2025-11-02,-0.1749120381270597,-0.28404596764960194,-0.11331801366063356,1,6,0
0,0,2025-11-02,-0.17490044962644305,-0.2840465244474948,-0.11331801366063356,1,6,0
0,0,2025-10-31,0.4455816903644294,-0.5388635757844801,-0.052929027326324915,1,32,0
2,2,2025-10-31,-5.7725839828877925,2.5235949195924734,-0.13622089906183812,0,49,0
2,2,2025-11-14,-5.763157647866645,2.4945445947406006,-0.13650738441300808,0,49,0
2,2,2025-11-21,-5.757266188478429,2.4692984790955204,-0.13650738441300808,0,49,0
2,2,2025-11-28,-5.7643359397442895,2.435925189235929,-0.13650738441300808,0,49,0
2,2,2025-12-05,-5.745483269701996,2.405664434181895,-0.13650738441300808,0,49,0
2,2,2025-12-12,-5.726041453720879,2.3881996555507095,-0.13650738441300808,0,49,0
2,2,2025-12-26,-5.70895622149505,2.373155737323847,-0.13650738441300808,0,49,0
2,2,2026-01-16,-5.676553194859856,2.323355180434922,-0.13650738441300808,0,49,0
2,2,2026-02-06,-5.650041627612881,2.3219718316324522,-0.13650738441300808,0,49,0
2,2,2026-02-26,-5.684801238003361,2.3017403553963263,-0.13650738441300808,0,49,0
2,2,2026-03-06,-5.70542134586212,2.2830651465629797,-0.13650738441300808,0,49,0
2,2,2026-03-20,-5.722506578087949,2.255571089113886,-0.13650738441300808,0,49,0
2,2,2026-03-26,-5.756087896600785,2.216491485444105,-0.13650738441300808,0,49,0
0,0,2025-10-30,0.19400341327691048,-0.5246371994080172,0.038717298334621876,1,28,0
0,0,2025-10-28,1.0259012803890755,-0.6416573029716902,-0.09114317787867542,1,21,0
0,0,2025-10-27,1.0496565283612747,-0.6734840261619807,-0.104718622006628,1,21,0
0,0,2025-10-27,1.019800674192577,-0.6427716768913802,-0.11244841225741951,1,21,0
0,0,2025-10-25,4.4669468843559274e-05,-0.14905225863984695,-0.10988791923684482,1,0,0
0,0,2025-10-22,0.18124139286474866,-0.5082295586398196,-0.07950018131342071,1,28,0
0,0,2025-10-22,0.182385337534159,-0.5088021958766021,-0.05437836299834832,1,28,0
0,0,2025-10-22,1.0180936238348408,-0.6435011340067828,-0.11124063253073334,1,21,0
0,0,2025-10-21,0.0034175299685977644,-0.1516711108415234,-0.014425009639569724,1,0,0
0,0,2025-10-21,0.15936934988599338,-0.49639241585568294,-0.0891624191269101,1,28,0
0,0,2025-10-16,-0.009967538196289101,-0.3287694419750589,-0.11331801366063356,1,6,0
0,0,2025-10-15,1.0496544663504885,-0.6731050750494039,-0.10824533880855162,1,21,0
0,0,2025-10-14,0.7700336673793713,-0.6192336684720102,-0.10148177233910906,1,19,0
0,0,2025-10-10,0.5625435374776356,-0.5292328224647034,-0.11259334582462185,1,32,0
0,0,2025-10-05,0.12178840207492735,-0.16063012035793672,-0.10848689475388887,1,0,0
0,0,2025-10-04,0.20017031017444553,-0.36401429434443056,-0.01439119180722252,1,6,0
0,0,2025-10-02,0.536189095452543,-0.537262868301422,-0.11138556609793568,1,32,0
0,0,2025-09-28,0.7462863728773466,-0.5874614319326774,-0.1127382793918242,1,19,0
0,0,2025-09-28,1.0000963347811218,-0.4904221072184024,-0.10138514996097417,1,33,0
0,0,2025-09-24,0.9147752183728676,-0.18925583321163514,-0.11331801366063356,1,5,0
0,0,2025-09-24,0.5653007404713211,-0.5401978848719029,-0.1101777863712495,1,32,0
0,0,2025-09-22,0.07653834539262219,-0.3279064218411037,-0.11143387728700313,1,6,0
0,0,2025-09-22,0.6291837787993558,-0.5390125278667862,-0.08674685967353775,1,32,0
0,0,2025-09-22,-0.0006022127719826637,-0.15160972473841372,-0.1007087933140299,1,0,0
0,0,2025-09-18,0.2680389743908894,-0.5196009676534425,-0.10592640173331418,1,28,0
0,0,2025-09-17,-0.269551787787385,-0.001333661773016359,-0.09882465694039948,1,1,0
0,0,2025-09-17,0.2805700431144276,-0.6779106558705849,-0.1109024542072612,1,4,0
0,0,2025-09-16,0.2326866177907555,-0.3480550072982294,-0.11124063253073334,1,6,0
0,0,2025-09-16,-0.27088192613930023,-0.001339432066708641,-0.09882465694039948,1,1,0
0,0,2025-09-14,0.6096671412840092,-0.5530701702730677,-0.06500682459318664,1,32,0
0,0,2025-09-12,0.9733059247613013,-0.5700784956750181,-0.06911327566391963,1,33,0
0,0,2025-09-11,-0.05586133284754542,-0.0660311508909833,-0.08689179324074009,1,1,0
0,0,2025-09-11,0.21229445049572623,-0.3161819765067765,0.0742743334882628,1,11,0
0,0,2025-09-10,-0.05660760400825089,-0.06372241090710078,0.3356378663431506,1,1,0
3,3,2025-09-10,-1.218509441633626,3.5187414643694224,,3,38,1
0,0,2025-09-09,0.9076693524609576,-0.6601896118737418,0.0994927741814701,1,21,0
0,0,2025-09-09,0.7309615853056887,-0.14335770675285078,-0.09942371568483582,1,5,0
0,0,2025-09-07,0.8262138582156878,-0.7018787820163628,-0.11331801366063356,1,39,0
0,0,2025-09-06,0.9833979946933167,-0.7387767408734882,-0.11051596469472164,1,21,0
0,0,2025-09-05,0.17235836822838316,-0.6415480875837353,-0.11085414301819375,1,4,0
0,0,2025-09-04,0.818743487711429,-0.6938654574082939,0.8456107781391203,1,39,0
0,0,2025-09-04,0.6831274538227174,-0.7531306620095387,-0.06468072406698137,1,39,0
0,0,2025-09-04,0.684170772365777,-0.7536851946688691,-0.08491103448897477,1,39,0
0,0,2025-09-04,0.6834441197648341,-0.7532615440981125,-0.093800293277385,1,39,0
0,0,2025-09-04,1.0118958085584369,-0.6183595995311696,-0.10988791923684482,1,19,0
0,0,2025-09-03,0.6856168805608733,-0.750445858653705,-0.08742321632048201,1,39,0
0,0,2025-09-03,0.6324358643816516,-0.6507378293052848,-0.07719718693057552,1,36,0
0,0,2025-09-03,0.8030878770207444,-0.5614291072875734,-0.08616712540472839,1,33,0
0,0,2025-09-03,1.003335635896545,-0.6107031270385581,-0.10027399261242288,1,33,0
0,0,2025-09-02,-0.19914884809819214,-0.02564793810207838,-0.10196488422978353,1,1,0
0,0,2025-09-02,0.36226143139360123,-0.6866878829792377,0.0775594943448492,1,4,0
0,0,2025-09-02,0.40161343437719677,-0.694284888765203,0.5287676419829578,1,4,0
0,0,2025-09-02,1.0161609894971302,-0.6567431885428479,-0.10848689475388887,1,21,0
0,0,2025-09-02,0.7851798435767566,-0.6938971533877306,-0.01669563552573973,1,39,0
0,0,2025-09-02,0.40026134444760086,-0.6965327268180567,-0.07307479316745027,1,4,0
0,0,2025-09-02,0.41322402796652524,-0.6938969804691302,-0.1085352059429563,1,4,0
0,0,2025-09-02,0.3963435239544367,-0.692990765960492,0.19993173625269223,1,4,0
0,0,2025-09-02,0.39381137470938105,-0.6920792255589645,-0.08780970583302158,1,4,0
0,0,2025-09-02,0.40371309158856317,-0.700018592881681,0.0297797283571442,1,4,0
0,0,2025-09-02,0.2949982860707648,-0.690809380525737,0.5147274442161763,1,4,0
0,0,2025-09-01,1.029291461779431,-0.6589177436928907,-0.10365577584714417,1,21,0
0,0,2025-09-01,0.9815794779239561,-0.694932365172199,0.055964392831700426,1,21,0
0,0,2025-09-01,0.5818073724706333,-0.7339231059732816,-0.11148218847607057,1,4,0
0,0,2025-09-01,0.9597519154635813,-0.6995995246538329,-0.041624209084542334,1,21,0
0,0,2025-09-01,0.5931506705475188,-0.7268842641372529,-0.10085372688123224,1,4,0
0,0,2025-09-01,0.988641334634236,-0.657323416906184,0.15384286188234786,1,21,0
0,0,2025-09-01,1.0252322462609496,-0.6423953714333883,-0.10602302411144907,1,21,0
3,3,2025-09-01,-0.3735916849318768,3.8327443506701107,,3,50,1
0,0,2025-08-31,0.9382664700498805,-0.6275981388817259,-0.09896959050760182,1,19,0
0,0,2025-08-31,1.0359792520587752,-0.6536114424807957,-0.10848689475388887,1,21,0
0,0,2025-08-30,0.9890341182316483,-0.616039118374326,-0.05051346787295257,1,19,0
0,0,2025-08-30,1.0359792697331534,-0.6536105778877942,-0.09491145062593628,1,21,0
0,0,2025-08-29,1.0470649932055855,-0.6478013775104212,-0.10703755908186545,1,21,0
0,0,2025-08-29,1.0451895649385345,-0.6488244849928682,0.016784018498000982,1,21,0
0,0,2025-08-29,0.568753135672816,-0.680799434007343,-0.07582853094429474,1,36,0
0,0,2025-08-29,-0.18802838858120682,-0.2976809831632409,-0.11331801366063356,1,6,0
0,0,2025-08-29,0.876100497560542,-0.6680559556715481,0.2289667608822278,1,39,0
3,3,2025-08-29,-2.0683878071402533,3.1727486370116122,,3,51,1
0,0,2025-08-28,-0.0549069164266542,-0.06541296689487934,-0.09752025483557841,1,1,0
0,0,2025-08-28,-0.056320866679826324,-0.06537089579942428,-0.09486313943686883,1,1,0
0,0,2025-08-28,0.6831524925251173,-0.6424063171807878,0.09983095250494223,1,39,0
3,3,2025-08-28,-2.1933456607643356,4.073222248119512,,3,44,1
3,3,2025-08-28,-4.042262360568468,4.453366499038303,,3,52,1
0,0,2025-08-27,1.050474321838953,-0.7045341200427042,-0.10186826185164863,1,21,0
0,0,2025-08-27,0.6302609732338975,-0.7405030391359508,-0.07776097850699262,1,4,0
0,0,2025-08-27,0.1972587468207669,-0.6635454033786561,0.1219574770978329,1,4,0
0,0,2025-08-27,0.8730464239282841,-0.45237828596447066,-0.0962641639198248,1,33,0
0,0,2025-08-26,0.6081562176093075,-0.7419111671738453,-0.0953462513275433,1,4,0
0,0,2025-08-26,-0.06373626986799336,-0.07055183102629539,-0.08935566388317988,1,1,0
0,0,2025-08-26,1.0463942505542372,-0.33643370151099833,-0.07263999246584325,1,53,0
0,0,2025-08-25,0.6149441214580353,-0.74665173060131,-0.0343775307244253,1,4,0
0,0,2025-08-25,0.9280899165902379,-0.7095800058427341,-0.07621502045683433,1,21,0
0,0,2025-08-25,0.5779786308434188,-0.7347181511137811,-0.11302814652622888,1,4,0
3,3,2025-08-25,1.3847143694814785,4.160961145916181,,3,54,1
0,0,2025-08-24,0.5918417650152383,-0.6264632222323195,0.037026406717261234,1,36,0
0,0,2025-08-24,0.7291588988877038,-0.7241901923444424,0.23761446372530082,1,39,0
0,0,2025-08-24,0.22840745641893373,0.015537428510984866,-0.1007087933140299,1,14,0
0,0,2025-08-24,0.5504738813727772,-0.6936824403617272,-0.11331801366063356,1,4,0
0,0,2025-08-24,0.3398459602008766,-0.6688794459217985,0.07606184748375834,1,4,0
0,0,2025-08-23,0.4495909463072989,-0.5560676796257001,-0.11331801366063356,1,32,0
0,0,2025-08-23,0.8726444496542258,-0.5989357396177861,-0.09302731425230586,1,19,0
0,0,2025-08-22,0.7206683456014029,-0.5125761495158989,0.3403723628717604,1,30,0
0,0,2025-08-22,0.26347143727578703,-0.6609864207839646,-0.014908121530244194,1,4,0
0,0,2025-08-22,0.2313381399149105,-0.3396803796499316,-0.10500848914103268,1,6,0
0,0,2025-08-22,-0.2209301861682066,-0.2935841611010054,0.1401707953762604,1,6,0
0,0,2025-08-22,0.6752746686895691,-0.5290898706578281,0.07296993138344174,1,30,0
0,0,2025-08-21,0.7906854123750456,-0.7088508599808122,0.9239715268065192,1,39,0
0,0,2025-08-21,0.4418442074431383,-0.7295238146953862,0.19118741103148434,1,4,0
0,0,2025-08-21,0.7208682604928232,-0.5126136157890279,0.34563828248011214,1,30,0
0,0,2025-08-21,1.0279334803904472,-0.6100368197959883,-0.10742404859440503,1,33,0
0,0,2025-08-20,0.8923749471453647,-0.6005167862559891,-0.07302648197838282,1,19,0
0,0,2025-08-20,0.9222249687692678,-0.5621202110574276,-0.057760146233069604,1,33,0
0,0,2025-08-20,0.4384772384027723,-0.6965240808880412,-0.10732742621627013,1,4,0
0,0,2025-08-20,0.9115418087168327,-0.5961822875776293,-0.10365577584714417,1,19,0
0,0,2025-08-20,0.8635951680339247,-0.596646297349698,-0.10766560453974226,1,19,0
0,0,2025-08-19,-0.19890336865986336,-0.027694142691856067,-0.10655444719119099,1,1,0
0,0,2025-08-19,0.8160235776556706,-0.5361668583370849,-0.11331801366063356,1,33,0
0,0,2025-08-19,-0.28727525948311794,-0.0031156847836144477,0.7901012219006237,1,1,0
0,0,2025-08-19,0.15010997882390809,-0.498829115603794,-0.11138556609793568,1,28,0
0,0,2025-08-18,0.99184240017823,-0.56716741103882,-0.11206192274487993,1,33,0
0,0,2025-08-18,0.8542514901879942,-0.4908286388477283,-0.09253695568327126,1,33,0
0,0,2025-08-18,0.8343833092909528,-0.4822058799247314,-0.10365577584714417,1,33,0
0,0,2025-08-18,-0.07040793522299194,-0.23159427811469546,-0.0671325169121543,1,24,0
0,0,2025-08-17,0.6354454574955285,-0.5904886659927029,-0.11302814652622888,1,36,0
0,0,2025-08-17,0.9576405342480322,-0.5940115885123735,-0.04085123005946319,1,33,0
0,0,2025-08-17,0.7109277778108661,-0.49883489108504425,-0.11211023393394738,1,30,0
0,0,2025-08-17,0.5159281309580892,-0.46221083529080786,-0.05437836299834832,1,25,0
0,0,2025-08-16,0.8483706354266759,-0.5422826952683855,0.031615553541707184,1,33,0
0,0,2025-08-16,0.6354484032252223,-0.5904875074380808,-0.11302814652622888,1,36,0
0,0,2025-08-15,0.6066842953957551,-0.6198796404871837,1.2152396856941565,1,36,0
0,0,2025-08-15,0.766071837684577,-0.540332467418523,-0.09636078629795969,1,19,0
0,0,2025-08-14,0.9206441134716278,-0.5617259566487236,-0.09650571986516203,1,33,0
0,0,2025-08-14,0.5151969419334176,-0.6841658651937343,-0.06582811480733324,1,36,0
0,0,2025-08-14,0.8522246514146661,-0.5477391417011286,-0.08162587363238838,1,33,0
0,0,2025-08-14,0.5249884296074465,-0.5887963635270609,-0.10660275838025843,1,36,0
0,0,2025-08-14,0.7727665386457837,-0.4908353826731403,0.7343501097167899,1,30,0
0,0,2025-08-14,0.8312506435904562,-0.4804469519223906,-0.11331801366063356,1,33,0
0,0,2025-08-14,0.21375912621423052,-0.6646543701337142,-0.1089120332176824,1,4,0
0,0,2025-08-13,0.7386373144098426,-0.47698949638479676,4.286913397791499,1,30,0
0,0,2025-08-13,0.8463233532892708,-0.5467909771400555,-0.044136390916049574,1,33,0
0,0,2025-08-13,0.9844103241599941,-0.6481996609225124,-0.11331801366063356,1,21,0
0,0,2025-08-13,0.9973923316657121,-0.6265140430089503,-0.10486355557383034,1,19,0
0,0,2025-08-13,0.8061602730916994,-0.5382856818222483,-0.02829032090192699,1,33,0
0,0,2025-08-13,0.9114329345473383,-0.6014252314145714,-0.0891624191269101,1,19,0
0,0,2025-08-13,0.9192596205153969,-0.6474949657506741,0.18123530608359026,1,21,0
0,0,2025-08-13,0.60312096401398,-0.5461353216832646,-0.10959805210244014,1,32,0
0,0,2025-08-13,0.19677522708987902,-0.5347607361549541,-0.1109024542072612,1,28,0
0,0,2025-08-13,0.757596030721125,-0.4649048033324582,-0.09882465694039948,1,30,0
0,0,2025-08-13,0.8774950649123268,-0.4671740659998904,-0.013410474669153339,1,33,0
0,0,2025-08-13,0.8719806589249556,-0.45221314870117596,-0.08616712540472839,1,33,0
0,0,2025-08-13,0.6733618885699969,-0.6333756432796624,0.10408233714287755,1,19,0
0,0,2025-08-13,0.7997464769141231,-0.6189917034745982,-0.047083373449163836,1,19,0
0,0,2025-08-13,0.8464117251800941,-0.4717500627954412,-0.11331801366063356,1,33,0
0,0,2025-08-11,0.6313213180945887,-0.7085026537953704,-0.09012864290825903,1,4,0
0,0,2025-08-11,0.5361478552368254,-0.46160205806656074,-0.05534458677969726,1,25,0
3,3,2025-08-11,-1.5435766048378856,0.08710267380183491,,3,43,1
0,0,2025-08-09,0.5660803572921638,-0.558466734994524,-0.0656831812401309,1,32,0
0,0,2025-08-08,0.2585324501268632,-0.465588402435059,-0.06254295395074685,1,20,0
0,0,2025-08-07,0.19721007570732305,-0.6635635304355263,0.1219574770978329,1,4,0
0,0,2025-08-07,0.572517778221887,-0.5246631544899237,-0.02587476144855464,1,32,0
0,0,2025-08-07,0.11113302614496683,-0.5158029956205629,-0.08867930723623563,1,28,0
0,0,2025-08-06,0.5461466044521317,-0.48527864345221816,-0.0891624191269101,1,25,0
0,0,2025-08-06,0.15172718442597374,-0.5142701759799858,-0.016164212445997812,1,28,0
0,0,2025-08-05,-0.19096626495995078,-0.028592357986043874,-0.09882465694039948,1,1,0
0,0,2025-08-04,0.14548064678042907,-0.6255872166031552,-0.055827698670371725,1,4,0
0,0,2025-08-04,0.8739448714849873,-0.4663279752885794,-0.0665044714542775,1,33,0
0,0,2025-08-04,2.023060887202272,-1.1058849351847622,-0.08903681003533474,1,55,0
0,0,2025-08-04,0.18999910615992716,-0.6320041566931736,-0.08742321632048201,1,4,0
0,0,2025-08-03,0.02360856284011335,-0.2190814040242722,-0.06597304837453558,1,24,0
0,0,2025-08-03,0.4586594340852057,-0.47397322536403097,-0.10365577584714417,1,25,0
0,0,2025-08-03,0.15081695395049413,-0.5165359802754117,-0.11331801366063356,1,28,0
0,0,2025-08-03,0.5232219933390773,-0.4816502405863592,-0.0891624191269101,1,25,0
0,0,2025-08-02,0.5208997567920238,-0.48197261273291475,-0.10365577584714417,1,25,0
0,0,2025-08-02,0.7217902738870792,-0.6232107444035317,-0.09318191005732168,1,19,0
0,0,2025-08-02,0.522407616907844,-0.47352152739630443,0.007459959007983727,1,25,0
0,0,2025-08-02,0.6070839720006519,-0.6109754738340444,0.128237931676601,1,36,0
0,0,2025-08-01,0.5949377269237466,-0.6318885433170071,0.06688272156094342,1,36,0
0,0,2025-08-01,0.5962996555905207,-0.6310052232310497,0.02055229124526184,1,36,0
0,0,2025-08-01,0.6063838309669561,-0.6308582424207873,0.9377402156907415,1,36,0
0,0,2025-08-01,-0.27446133531374595,-0.001059874565589531,-0.021526754432484422,1,1,0
0,0,2025-08-01,0.19762459878987795,-0.5626658729925619,-0.09288238068510352,1,28,0
0,0,2025-08-01,0.2347231185574802,-0.6881807584231432,4.505521528321696,1,4,0
0,0,2025-08-01,0.8444911094195352,-0.4878643471582151,-0.09133642263494521,1,33,0
0,0,2025-08-01,0.3462704199199458,-0.4663340274395904,-0.08360663238415371,1,20,0
0,0,2025-08-01,0.8803757528947893,-0.606535321890896,-0.10790716048507949,1,19,0
0,0,2025-08-01,0.977915644136477,-0.5907267109254459,-0.10848689475388887,1,33,0
0,0,2025-07-31,1.024107979065896,-0.6880164857528499,-0.11143387728700313,1,21,0
0,0,2025-07-31,0.8450979297365216,-0.661661961879791,-0.11331801366063356,1,39,0
0,0,2025-07-31,1.0128454528972233,-0.6188063866106474,-0.10365577584714417,1,19,0
0,0,2025-07-31,-0.05700592557748829,-0.06586687822068993,0.03403111299507953,1,1,0
0,0,2025-07-31,0.7153882017136852,-0.6246206362111493,0.15239352621032445,1,19,0
